Date,Open,High,Low,Close,Volume
2019-01-18,2.77000000,2.77000000,2.00000000,2.52350000,86973.39000000
2019-01-19,2.53000000,2.64000000,2.50410000,2.57180000,99970.30000000
2019-01-20,2.55390000,2.60850000,2.42000000,2.50710000,85585.78000000
2019-01-21,2.50710000,2.58000000,2.45450000,2.50010000,66461.35000000
2019-01-22,2.51000000,2.81000000,2.37470000,2.76840000,331847.14000000
2019-01-23,2.76940000,3.21200000,2.71150000,3.02690000,1216900.00000000
2019-01-24,3.02390000,3.09100000,2.59800000,2.71890000,843825.01000000
2019-01-25,2.71890000,2.91990000,2.70000000,2.77920000,427197.21000000
2019-01-26,2.78000000,2.82370000,2.65160000,2.67700000,188896.03000000
2019-01-27,2.67130000,2.93990000,2.60000000,2.67260000,559958.05000000
2019-01-28,2.67290000,2.91990000,2.48500000,2.87900000,1272020.41000000
2019-01-29,2.87900000,3.04630000,2.76140000,2.94780000,1478807.29000000
2019-01-30,2.94780000,3.05500000,2.70790000,2.87290000,1486687.83000000
2019-01-31,2.87830000,2.90610000,2.75110000,2.77300000,365639.15000000
2019-02-01,2.77680000,2.77900000,2.64830000,2.71350000,277130.19000000
2019-02-02,2.71760000,2.74500000,2.69500000,2.71380000,134925.43000000
2019-02-03,2.71510000,2.90710000,2.65530000,2.82110000,608219.23000000
2019-02-04,2.81840000,2.87000000,2.70200000,2.72770000,357521.22000000
2019-02-05,2.72530000,2.78500000,2.61910000,2.66620000,455506.99000000
2019-02-06,2.66610000,2.67800000,2.50000000,2.50400000,372775.15000000
2019-02-07,2.50400000,2.61920000,2.46890000,2.48850000,307286.49000000
2019-02-08,2.48650000,2.68760000,2.45010000,2.64650000,502060.29000000
2019-02-09,2.65930000,2.66500000,2.55390000,2.60000000,269215.76000000
2019-02-10,2.60180000,2.75000000,2.57200000,2.72000000,421981.05000000
2019-02-11,2.72000000,2.91530000,2.63450000,2.87260000,475068.16000000
2019-02-12,2.87000000,2.91580000,2.72070000,2.84920000,476142.71000000
2019-02-13,2.84540000,2.86950000,2.72300000,2.73170000,179514.63000000
2019-02-14,2.73160000,2.75880000,2.63120000,2.64190000,176689.80000000
2019-02-15,2.63640000,2.70000000,2.63130000,2.65650000,123475.70000000
2019-02-16,2.64620000,2.67990000,2.60500000,2.60810000,105260.74000000
2019-02-17,2.60810000,2.65960000,2.55010000,2.60940000,150858.31000000
2019-02-18,2.60950000,2.78680000,2.60940000,2.74000000,361072.29000000
2019-02-19,2.74000000,2.93000000,2.70120000,2.78620000,455390.39000000
2019-02-20,2.78200000,2.82000000,2.73500000,2.78490000,173102.83000000
2019-02-21,2.78490000,2.86710000,2.73920000,2.85090000,274491.54000000
2019-02-22,2.85730000,2.91000000,2.80810000,2.90220000,192626.90000000
2019-02-23,2.89610000,2.93000000,2.79040000,2.88940000,249027.40000000
2019-02-24,2.88940000,2.93640000,2.55000000,2.63700000,402202.51000000
2019-02-25,2.64630000,2.75000000,2.60250000,2.67940000,180258.48000000
2019-02-26,2.67560000,2.70030000,2.61590000,2.64350000,98978.33000000
2019-02-27,2.64280000,2.70000000,2.55060000,2.64730000,170216.16000000
2019-02-28,2.64500000,2.72730000,2.60860000,2.64950000,234356.11000000
2019-03-01,2.64650000,2.74000000,2.63050000,2.68150000,102303.16000000
2019-03-02,2.69490000,2.71230000,2.63100000,2.66060000,63182.56000000
2019-03-03,2.65920000,2.66940000,2.61430000,2.65200000,65083.29000000
2019-03-04,2.64830000,2.66820000,2.50500000,2.58580000,95495.86000000
2019-03-05,2.58780000,2.65400000,2.51700000,2.62300000,117470.56000000
2019-03-06,2.62300000,2.65030000,2.53420000,2.54890000,162047.63000000
2019-03-07,2.55390000,2.60170000,2.52300000,2.56590000,176443.00000000
2019-03-08,2.56450000,2.82550000,2.53190000,2.64700000,610406.53000000
2019-03-09,2.65610000,2.78980000,2.62510000,2.72130000,259840.33000000
2019-03-10,2.72000000,2.79210000,2.67000000,2.73040000,167263.41000000
2019-03-11,2.73720000,2.78550000,2.60190000,2.63380000,148813.29000000
2019-03-12,2.63450000,2.81090000,2.59470000,2.78100000,183556.61000000
2019-03-13,2.78830000,2.85000000,2.65210000,2.68020000,150031.62000000
2019-03-14,2.68020000,2.76890000,2.66000000,2.72000000,125819.73000000
2019-03-15,2.72860000,2.84480000,2.68900000,2.77590000,148326.73000000
2019-03-16,2.77600000,2.81540000,2.73520000,2.78430000,123525.21000000
2019-03-17,2.78420000,2.79490000,2.70900000,2.73510000,122237.76000000
2019-03-18,2.73330000,2.77780000,2.70030000,2.74370000,125586.12000000
2019-03-19,2.74030000,2.76130000,2.71210000,2.73870000,78434.60000000
2019-03-20,2.74270000,2.82900000,2.70050000,2.79440000,137495.40000000
2019-03-21,2.78240000,2.86570000,2.65320000,2.72800000,205960.37000000
2019-03-22,2.72800000,2.76770000,2.70950000,2.75180000,85511.28000000
2019-03-23,2.75440000,2.79800000,2.75150000,2.79500000,63929.62000000
2019-03-24,2.78770000,2.79130000,2.71050000,2.74360000,55785.47000000
2019-03-25,2.74360000,2.77860000,2.64150000,2.68670000,112092.32000000
2019-03-26,2.69860000,2.78000000,2.62170000,2.69040000,136796.75000000
2019-03-27,2.68790000,2.76960000,2.67160000,2.74630000,135635.98000000
2019-03-28,2.74620000,2.77330000,2.73000000,2.75940000,79682.26000000
2019-03-29,2.75940000,2.86270000,2.75540000,2.83730000,159485.45000000
2019-03-30,2.83820000,2.86000000,2.76020000,2.78560000,105889.16000000
2019-03-31,2.79480000,2.84000000,2.74130000,2.78370000,84204.35000000
2019-04-01,2.78370000,2.94590000,2.77420000,2.89820000,156963.87000000
2019-04-02,2.89730000,3.11290000,2.80210000,3.09640000,573432.46000000
2019-04-03,3.07740000,3.20000000,2.76670000,2.88360000,555741.56000000
2019-04-04,2.88350000,2.92100000,2.70000000,2.79200000,291175.23000000
2019-04-05,2.79200000,2.90580000,2.78490000,2.87620000,165834.27000000
2019-04-06,2.88470000,2.99870000,2.84790000,2.99870000,311419.33000000
2019-04-07,2.99870000,3.16990000,2.90640000,2.95770000,388206.34000000
2019-04-08,2.94790000,3.01560000,2.81250000,2.83490000,301738.90000000
2019-04-09,2.84610000,2.96670000,2.58680000,2.79300000,1269203.30000000
2019-04-10,2.78330000,2.94790000,2.71710000,2.77880000,774745.11000000
2019-04-11,2.78250000,3.11000000,2.45290000,2.63530000,2131063.80000000
2019-04-12,2.63540000,2.90000000,2.50820000,2.64250000,1307218.55000000
2019-04-13,2.64100000,2.68530000,2.58840000,2.64110000,257643.24000000
2019-04-14,2.64280000,2.80860000,2.61000000,2.75660000,395014.83000000
2019-04-15,2.75780000,2.80010000,2.58000000,2.61500000,317861.90000000
2019-04-16,2.60990000,2.69160000,2.59000000,2.67100000,208048.25000000
2019-04-17,2.67820000,2.69990000,2.61000000,2.65560000,293208.24000000
2019-04-18,2.64980000,2.73000000,2.64870000,2.68900000,224653.04000000
2019-04-19,2.68810000,2.68890000,2.63000000,2.65600000,231271.93000000
2019-04-20,2.65610000,2.69430000,2.61390000,2.64920000,244319.24000000
2019-04-21,2.64950000,2.66280000,2.51090000,2.58930000,655494.18000000
2019-04-22,2.58930000,2.63950000,2.53190000,2.61350000,397105.72000000
2019-04-23,2.61610000,2.67250000,2.57000000,2.58550000,236392.96000000
2019-04-24,2.58090000,2.62450000,2.29690000,2.36660000,361036.93000000
2019-04-25,2.37020000,2.43130000,2.18110000,2.20330000,154234.82000000
2019-04-26,2.20000000,2.27890000,2.12270000,2.20510000,151281.58000000
2019-04-27,2.21570000,2.22870000,2.11000000,2.16950000,138766.27000000
2019-04-28,2.16950000,2.19730000,2.07490000,2.09420000,136169.37000000
2019-04-29,2.08990000,2.12630000,1.93640000,1.99120000,155625.57000000
2019-04-30,1.98340000,2.30990000,1.96700000,2.25270000,282116.21000000
2019-05-01,2.25290000,2.27820000,2.12740000,2.15260000,109626.37000000
2019-05-02,2.14000000,2.18080000,2.12180000,2.16290000,111266.20000000
2019-05-03,2.15870000,2.23640000,2.13880000,2.22350000,207840.24000000
2019-05-04,2.22350000,2.26240000,2.08000000,2.15010000,136007.97000000
2019-05-05,2.15010000,2.15010000,2.01770000,2.08460000,89128.00000000
2019-05-06,2.08570000,2.21310000,2.03060000,2.14670000,115328.39000000
2019-05-07,2.14560000,2.47630000,2.08250000,2.08250000,861006.42000000
2019-05-08,2.08750000,2.25870000,2.04160000,2.21930000,533924.02000000
2019-05-09,2.21330000,2.44830000,2.12330000,2.34150000,333284.39000000
2019-05-10,2.34300000,2.38540000,2.21130000,2.26640000,196269.27000000
2019-05-11,2.26730000,2.50990000,2.25790000,2.42400000,920781.08000000
2019-05-12,2.42970000,2.57270000,2.30700000,2.42560000,557403.80000000
2019-05-13,2.40850000,2.51190000,2.30060000,2.36260000,872438.57000000
2019-05-14,2.36570000,2.44350000,2.26830000,2.35590000,800517.82000000
2019-05-15,2.35520000,2.75450000,2.35510000,2.56930000,1219028.79000000
2019-05-16,2.58130000,2.75540000,2.42900000,2.51880000,1159623.42000000
2019-05-17,2.51860000,2.53970000,2.19120000,2.41350000,609153.91000000
2019-05-18,2.41270000,2.43630000,2.28500000,2.38130000,438562.68000000
2019-05-19,2.39350000,2.59020000,2.37990000,2.53180000,668142.97000000
2019-05-20,2.54910000,2.54910000,2.32020000,2.43930000,649104.08000000
2019-05-21,2.44830000,2.56290000,2.37000000,2.47160000,847222.88000000
2019-05-22,2.46140000,2.53400000,2.31000000,2.35880000,861468.76000000
2019-05-23,2.35880000,3.28000000,2.31040000,3.28000000,2387801.38000000
2019-05-24,3.28000000,3.54980000,2.66050000,2.67330000,2907411.14000000
2019-05-25,2.67330000,2.76770000,2.61180000,2.71700000,1043926.34000000
2019-05-26,2.71610000,2.77000000,2.56500000,2.67900000,653761.05000000
2019-05-27,2.68450000,2.78410000,2.66010000,2.72650000,826636.54000000
2019-05-28,2.71540000,2.87080000,2.70000000,2.75590000,699789.22000000
2019-05-29,2.74810000,2.76380000,2.63000000,2.66880000,386997.80000000
2019-05-30,2.66880000,2.76000000,2.45130000,2.54280000,1148612.15000000
2019-05-31,2.54440000,2.64830000,2.50010000,2.63850000,390179.74000000
2019-06-01,2.64320000,2.68400000,2.57170000,2.60440000,326519.38000000
2019-06-02,2.60730000,2.68290000,2.56430000,2.65460000,563820.68000000
2019-06-03,2.65460000,2.66230000,2.41240000,2.41690000,828994.84000000
2019-06-04,2.41140000,2.42680000,2.24010000,2.31740000,734841.77000000
2019-06-05,2.31740000,2.36600000,2.24640000,2.30650000,408103.68000000
2019-06-06,2.29580000,2.34850000,2.19100000,2.29930000,359785.10000000
2019-06-07,2.29990000,2.41820000,2.26220000,2.37010000,707665.14000000
2019-06-08,2.36010000,2.41140000,2.30880000,2.36380000,290431.15000000
2019-06-09,2.36040000,2.41710000,2.23020000,2.27350000,284244.48000000
2019-06-10,2.27510000,2.38000000,2.23000000,2.37100000,347151.04000000
2019-06-11,2.37100000,2.40690000,2.30250000,2.37730000,534127.14000000
2019-06-12,2.37720000,2.45500000,2.33660000,2.43610000,322560.23000000
2019-06-13,2.44110000,2.50460000,2.41930000,2.47260000,402689.07000000
2019-06-14,2.48260000,2.49900000,2.25790000,2.37680000,604669.04000000
2019-06-15,2.37480000,2.43740000,2.33250000,2.41390000,219361.12000000
2019-06-16,2.41180000,2.57500000,2.33000000,2.42490000,910397.83000000
2019-06-17,2.42430000,2.51890000,2.40890000,2.44140000,281260.20000000
2019-06-18,2.44400000,2.44400000,2.34550000,2.38770000,228794.42000000
2019-06-19,2.38770000,2.43360000,2.35550000,2.43350000,214604.03000000
2019-06-20,2.42990000,2.44410000,2.32590000,2.37160000,278388.59000000
2019-06-21,2.37130000,2.43330000,2.31590000,2.34000000,440084.05000000
2019-06-22,2.34000000,2.49290000,2.30430000,2.41000000,716404.57000000
2019-06-23,2.41980000,2.45360000,2.35100000,2.36360000,441370.22000000
2019-06-24,2.37020000,2.42250000,2.30000000,2.36520000,398014.94000000
2019-06-25,2.36620000,2.40280000,2.28550000,2.30490000,665050.12000000
2019-06-26,2.31500000,2.36660000,1.99170000,2.18540000,1131088.94000000
2019-06-27,2.18460000,2.19260000,1.83350000,1.85400000,1173335.56000000
2019-06-28,1.86560000,2.02220000,1.84000000,2.00770000,894708.27000000
2019-06-29,2.00830000,2.02020000,1.86500000,1.96550000,853291.00000000
2019-06-30,1.97250000,1.98000000,1.80700000,1.82080000,811722.05000000
2019-07-01,1.83090000,1.95000000,1.78620000,1.88450000,569100.20000000
2019-07-02,1.87490000,1.92270000,1.70550000,1.82330000,609021.98000000
2019-07-03,1.82010000,1.95600000,1.79360000,1.94840000,681500.94000000
2019-07-04,1.93900000,1.94580000,1.80930000,1.81850000,277066.98000000
2019-07-05,1.81850000,1.85420000,1.76650000,1.78860000,322979.91000000
2019-07-06,1.78510000,2.20000000,1.76900000,1.94680000,2581472.68000000
2019-07-07,1.94680000,2.27500000,1.91020000,2.05110000,4211284.55000000
2019-07-08,2.05060000,2.06640000,1.86750000,1.88780000,2718738.24000000
2019-07-09,1.89280000,1.90070000,1.78100000,1.81930000,973960.34000000
2019-07-10,1.81700000,1.84440000,1.66560000,1.71160000,997611.73000000
2019-07-11,1.70990000,1.71080000,1.45680000,1.48920000,746714.99000000
2019-07-12,1.48480000,1.77220000,1.46920000,1.62110000,1420788.46000000
2019-07-13,1.62120000,1.64330000,1.51000000,1.54630000,485730.78000000
2019-07-14,1.54710000,1.71450000,1.45000000,1.47680000,1136437.02000000
2019-07-15,1.47680000,1.59180000,1.30000000,1.49030000,1969873.20000000
2019-07-16,1.48870000,1.66000000,1.43200000,1.44600000,2643209.22000000
2019-07-17,1.43980000,1.45790000,1.34230000,1.40400000,1533317.34000000
2019-07-18,1.40450000,1.53760000,1.37250000,1.49100000,1396330.90000000
2019-07-19,1.49100000,1.49820000,1.42110000,1.46080000,698573.52000000
2019-07-20,1.46280000,1.53300000,1.44410000,1.48900000,798240.26000000
2019-07-21,1.48900000,1.50190000,1.41710000,1.46510000,742259.61000000
2019-07-22,1.46520000,1.47600000,1.39590000,1.42800000,478653.45000000
2019-07-23,1.42800000,1.44360000,1.31200000,1.36590000,594764.47000000
2019-07-24,1.36530000,1.40200000,1.29990000,1.37410000,355388.40000000
2019-07-25,1.37000000,1.42790000,1.36720000,1.40830000,331088.60000000
2019-07-26,1.40190000,1.43200000,1.36530000,1.42490000,189105.40000000
2019-07-27,1.42340000,1.45000000,1.32160000,1.35000000,255352.57000000
2019-07-28,1.35390000,1.36280000,1.28450000,1.35280000,234727.49000000
2019-07-29,1.35230000,1.44000000,1.34300000,1.38170000,555255.85000000
2019-07-30,1.37340000,1.38760000,1.35100000,1.37040000,202992.29000000
2019-07-31,1.36370000,1.41100000,1.36090000,1.37200000,250515.04000000
2019-08-01,1.37230000,1.39330000,1.34780000,1.35920000,275823.62000000
2019-08-02,1.35930000,1.38570000,1.34010000,1.35300000,379715.51000000
2019-08-03,1.35010000,1.38720000,1.34310000,1.36990000,281298.62000000
2019-08-04,1.37040000,1.37870000,1.31360000,1.35770000,178161.05000000
2019-08-05,1.36170000,1.44750000,1.35000000,1.41370000,490067.74000000
2019-08-06,1.40930000,1.43060000,1.33130000,1.35840000,603364.24000000
2019-08-07,1.35760000,1.37290000,1.31170000,1.36250000,326314.86000000
2019-08-08,1.36240000,1.38170000,1.29440000,1.33920000,337596.11000000
2019-08-09,1.33600000,1.34800000,1.27060000,1.28910000,173044.50000000
2019-08-10,1.28900000,1.32490000,1.27070000,1.30400000,174199.42000000
2019-08-11,1.30340000,1.37040000,1.30070000,1.32260000,192010.26000000
2019-08-12,1.32040000,1.34370000,1.28020000,1.31070000,319373.76000000
2019-08-13,1.31560000,1.31560000,1.27110000,1.28380000,263840.45000000
2019-08-14,1.28670000,1.30400000,1.17970000,1.20670000,371850.32000000
2019-08-15,1.20480000,1.22220000,1.14980000,1.21300000,151997.78000000
2019-08-16,1.20810000,1.22120000,1.15660000,1.20230000,197411.37000000
2019-08-17,1.19610000,1.23000000,1.17890000,1.20160000,93168.98000000
2019-08-18,1.20160000,1.27050000,1.19030000,1.26000000,140382.38000000
2019-08-19,1.25960000,1.27800000,1.23170000,1.25850000,122926.91000000
2019-08-20,1.25850000,1.28490000,1.22800000,1.23930000,196730.34000000
2019-08-21,1.24060000,1.24280000,1.17350000,1.21780000,248506.46000000
2019-08-22,1.22000000,1.31260000,1.16310000,1.27760000,445099.75000000
2019-08-23,1.27690000,1.34990000,1.10420000,1.30040000,431619.64000000
2019-08-24,1.30190000,1.35500000,1.27000000,1.29880000,426066.02000000
2019-08-25,1.30080000,1.33030000,1.24110000,1.25360000,202901.97000000
2019-08-26,1.25200000,1.32360000,1.24580000,1.26180000,182255.26000000
2019-08-27,1.25970000,1.28720000,1.21770000,1.24210000,131202.69000000
2019-08-28,1.23510000,1.25000000,1.13310000,1.16890000,264727.85000000
2019-08-29,1.17300000,1.17550000,1.10230000,1.12130000,206356.28000000
2019-08-30,1.12220000,1.13960000,1.10490000,1.11900000,145887.30000000
2019-08-31,1.11230000,1.13760000,1.06660000,1.10520000,135234.68000000
2019-09-01,1.10550000,1.11930000,1.07510000,1.11100000,82885.98000000
2019-09-02,1.10920000,1.14850000,1.08730000,1.14740000,160103.22000000
2019-09-03,1.14720000,1.16360000,1.11530000,1.14960000,156477.74000000
2019-09-04,1.14960000,1.15150000,1.10390000,1.12590000,144573.29000000
2019-09-05,1.12580000,1.14870000,1.08850000,1.11490000,90911.03000000
2019-09-06,1.11450000,1.11930000,1.03270000,1.04980000,113031.01000000
2019-09-07,1.04980000,1.08270000,1.04000000,1.06910000,92295.00000000
2019-09-08,1.07050000,1.07960000,1.04430000,1.06540000,102161.08000000
2019-09-09,1.06500000,1.11480000,1.03930000,1.06730000,200772.80000000
2019-09-10,1.07100000,1.08390000,1.02820000,1.04160000,133166.77000000
2019-09-11,1.03710000,1.05260000,1.01000000,1.01390000,95566.98000000
2019-09-12,1.02340000,1.04080000,0.99660000,1.02980000,319280.13000000
2019-09-13,1.02980000,1.04280000,1.00000000,1.03450000,146942.53000000
2019-09-14,1.02680000,1.03860000,1.00450000,1.02700000,157230.23000000
2019-09-15,1.02700000,1.08280000,1.02350000,1.07380000,189118.83000000
2019-09-16,1.07380000,1.09340000,1.02390000,1.05930000,250745.06000000
2019-09-17,1.05930000,1.11600000,1.03580000,1.10020000,230411.90000000
2019-09-18,1.10100000,1.25900000,1.10050000,1.15000000,368510.27000000
2019-09-19,1.15050000,1.15050000,1.03980000,1.07700000,383167.87000000
2019-09-20,1.07530000,1.08110000,1.02630000,1.04560000,167120.18000000
2019-09-21,1.04560000,1.05570000,1.01220000,1.01380000,182865.44000000
2019-09-22,1.01480000,1.10320000,0.97090000,1.10200000,728914.80000000
2019-09-23,1.10220000,1.21590000,0.99040000,1.00090000,1789751.86000000
2019-09-24,1.00100000,1.04210000,0.77810000,0.82600000,637683.25000000
2019-09-25,0.82990000,0.86990000,0.80610000,0.86120000,318130.25000000
2019-09-26,0.86130000,0.88790000,0.76740000,0.83180000,344484.64000000
2019-09-27,0.83180000,0.86240000,0.80410000,0.83920000,176093.59000000
2019-09-28,0.83920000,0.86000000,0.82760000,0.84550000,237344.24000000
2019-09-29,0.84160000,0.84500000,0.80560000,0.81530000,94022.38000000
2019-09-30,0.81530000,0.86990000,0.78290000,0.84710000,523730.42000000
2019-10-01,0.84710000,0.87000000,0.81740000,0.82670000,250871.86000000
2019-10-02,0.82670000,0.83280000,0.81610000,0.83210000,78216.74000000
2019-10-03,0.83210000,0.89080000,0.81720000,0.85090000,610955.80000000
2019-10-04,0.84750000,0.90720000,0.83100000,0.88590000,258902.63000000
2019-10-05,0.88340000,0.93020000,0.86430000,0.91620000,160829.27000000
2019-10-06,0.91910000,0.93250000,0.86770000,0.87130000,171339.02000000
2019-10-07,0.87170000,0.91900000,0.86750000,0.91510000,126052.21000000
2019-10-08,0.91180000,0.92980000,0.88760000,0.90330000,268313.04000000
2019-10-09,0.90130000,0.95240000,0.89850000,0.92960000,342752.58000000
2019-10-10,0.92960000,0.98360000,0.89090000,0.90000000,560994.87000000
2019-10-11,0.89990000,0.90510000,0.84000000,0.84550000,331620.46000000
2019-10-12,0.84560000,0.86480000,0.84000000,0.84640000,118177.04000000
2019-10-13,0.84270000,0.85480000,0.83000000,0.84100000,182581.72000000
2019-10-14,0.83760000,0.88340000,0.83220000,0.87200000,460595.82000000
2019-10-15,0.87200000,0.89690000,0.85310000,0.85810000,643587.00000000
2019-10-16,0.85340000,0.85700000,0.79520000,0.81850000,378461.47000000
2019-10-17,0.81660000,0.84300000,0.81010000,0.83800000,188341.85000000
2019-10-18,0.83990000,0.84000000,0.79520000,0.80440000,228609.44000000
2019-10-19,0.80160000,0.81430000,0.78510000,0.79880000,152818.55000000
2019-10-20,0.79880000,0.81500000,0.78080000,0.81220000,261891.09000000
2019-10-21,0.80820000,0.81980000,0.78880000,0.81000000,188355.33000000
2019-10-22,0.81000000,0.83110000,0.79160000,0.79600000,280446.32000000
2019-10-23,0.79160000,0.79300000,0.69050000,0.71870000,449354.04000000
2019-10-24,0.71450000,0.72270000,0.69420000,0.71900000,379517.31000000
2019-10-25,0.71620000,0.77100000,0.70940000,0.77050000,518890.21000000
2019-10-26,0.77050000,0.81000000,0.72580000,0.75130000,575177.07000000
2019-10-27,0.75160000,0.82780000,0.73800000,0.79560000,469987.20000000
2019-10-28,0.79590000,0.82810000,0.77590000,0.80580000,887365.73000000
2019-10-29,0.80580000,0.87900000,0.80320000,0.82360000,1002397.48000000
2019-10-30,0.82360000,0.82570000,0.77060000,0.78130000,356445.18000000
2019-10-31,0.78130000,0.79310000,0.76080000,0.78010000,313314.65000000
2019-11-01,0.77810000,0.79430000,0.76960000,0.79200000,148799.97000000
2019-11-02,0.79200000,0.80410000,0.78950000,0.80000000,183260.08000000
2019-11-03,0.80240000,0.80720000,0.77870000,0.79320000,153211.35000000
2019-11-04,0.79320000,0.81760000,0.78720000,0.80850000,294342.48000000
2019-11-05,0.80850000,0.83990000,0.79180000,0.82560000,449478.13000000
2019-11-06,0.82600000,0.83250000,0.80560000,0.81380000,341368.40000000
2019-11-07,0.81400000,0.83190000,0.79030000,0.80760000,291722.65000000
2019-11-08,0.80760000,0.81830000,0.74600000,0.77370000,388404.49000000
2019-11-09,0.77140000,0.77980000,0.75910000,0.77100000,277918.77000000
2019-11-10,0.76850000,0.80680000,0.76380000,0.79770000,257535.67000000
2019-11-11,0.80100000,0.80160000,0.76580000,0.78230000,128666.30000000
2019-11-12,0.78230000,0.78580000,0.76300000,0.77500000,132458.25000000
2019-11-13,0.77600000,0.79480000,0.76650000,0.78900000,203196.78000000
2019-11-14,0.78900000,0.78980000,0.75750000,0.77230000,130373.86000000
2019-11-15,0.77230000,0.80500000,0.76000000,0.77080000,325139.76000000
2019-11-16,0.76950000,0.77360000,0.75960000,0.76710000,115455.31000000
2019-11-17,0.77040000,0.77910000,0.76140000,0.76700000,85467.59000000
2019-11-18,0.76890000,0.78120000,0.70520000,0.72740000,262790.21000000
2019-11-19,0.73000000,0.73330000,0.70000000,0.72140000,162364.24000000
2019-11-20,0.72140000,0.72410000,0.70240000,0.70940000,107840.74000000
2019-11-21,0.70940000,0.72090000,0.63000000,0.65100000,464116.13000000
2019-11-22,0.65100000,0.68920000,0.57830000,0.62750000,450103.27000000
2019-11-23,0.62730000,0.63520000,0.60350000,0.63170000,178067.89000000
2019-11-24,0.62970000,0.63150000,0.57170000,0.57620000,258498.51000000
2019-11-25,0.57400000,0.60340000,0.52810000,0.59200000,427026.71000000
2019-11-26,0.58990000,0.60900000,0.58210000,0.60420000,177874.09000000
2019-11-27,0.60390000,0.62830000,0.56750000,0.60970000,760394.37000000
2019-11-28,0.61120000,0.63340000,0.26000000,0.61200000,620768.56000000
2019-11-29,0.61080000,0.63520000,0.60640000,0.63030000,163946.81000000
2019-11-30,0.63020000,0.63750000,0.59790000,0.60500000,139563.00000000
2019-12-01,0.60290000,0.61200000,0.57660000,0.60940000,118980.97000000
2019-12-02,0.60950000,0.61260000,0.58550000,0.59120000,113966.33000000
2019-12-03,0.59400000,0.60080000,0.57560000,0.58220000,157672.63000000
2019-12-04,0.58150000,0.60370000,0.55170000,0.55670000,433092.85000000
2019-12-05,0.55670000,0.57540000,0.54920000,0.56000000,213975.36000000
2019-12-06,0.55740000,0.60200000,0.54880000,0.56640000,642722.95000000
2019-12-07,0.56650000,0.58260000,0.56390000,0.57420000,151482.44000000
2019-12-08,0.57400000,0.59210000,0.56100000,0.58070000,153918.72000000
2019-12-09,0.58110000,0.58510000,0.55860000,0.56430000,290833.75000000
2019-12-10,0.56560000,0.56760000,0.51520000,0.52800000,438406.63000000
2019-12-11,0.52810000,0.67100000,0.52670000,0.58180000,2781175.82000000
2019-12-12,0.58220000,0.66600000,0.57120000,0.62230000,2397765.55000000
2019-12-13,0.62200000,0.69840000,0.58510000,0.62110000,2196907.95000000
2019-12-14,0.62140000,0.69990000,0.60050000,0.67810000,2105342.29000000
2019-12-15,0.67920000,0.72900000,0.64000000,0.72110000,2266830.18000000
2019-12-16,0.72190000,0.87000000,0.69040000,0.76760000,4424055.53000000
2019-12-17,0.76700000,0.94000000,0.76700000,0.88580000,7123296.79000000
2019-12-18,0.88580000,0.89770000,0.73340000,0.86660000,5730835.71000000
2019-12-19,0.86680000,0.95500000,0.84490000,0.88460000,4550295.52000000
2019-12-20,0.88580000,0.91720000,0.84240000,0.85740000,1664941.19000000
2019-12-21,0.85760000,0.97390000,0.78230000,0.91520000,4756939.13000000
2019-12-22,0.91030000,0.93970000,0.85820000,0.86410000,2821444.54000000
2019-12-23,0.86170000,0.94980000,0.85790000,0.86440000,2395434.92000000
2019-12-24,0.86580000,0.95000000,0.82610000,0.85470000,2460881.30000000
2019-12-25,0.85510000,0.89980000,0.84000000,0.85120000,1245488.85000000
2019-12-26,0.84990000,0.94190000,0.84020000,0.89060000,2248404.62000000
2019-12-27,0.89030000,0.92430000,0.86710000,0.89980000,1864712.83000000
2019-12-28,0.89740000,1.06320000,0.88590000,1.03710000,5360666.04000000
2019-12-29,1.03920000,1.05490000,0.96300000,1.00010000,3201920.97000000
2019-12-30,1.00010000,1.10840000,0.96770000,1.03240000,3521921.32000000
2019-12-31,1.03260000,1.08190000,0.99500000,1.00890000,2418368.39000000
2020-01-01,1.00840000,1.10760000,1.00020000,1.04460000,2142011.87000000
2020-01-02,1.04460000,1.04990000,0.94360000,0.94590000,2206856.86000000
2020-01-03,0.94560000,1.01790000,0.91360000,0.95260000,2667597.67000000
2020-01-04,0.95540000,0.97950000,0.92950000,0.94580000,1272347.74000000
2020-01-05,0.94300000,0.94790000,0.88300000,0.88720000,1691097.21000000
2020-01-06,0.88450000,0.94390000,0.88140000,0.89490000,2100553.19000000
2020-01-07,0.89500000,0.93400000,0.88200000,0.88530000,1914612.23000000
2020-01-08,0.88530000,0.90940000,0.84070000,0.85100000,1493833.22000000
2020-01-09,0.85300000,0.87290000,0.81230000,0.82310000,1126217.16000000
2020-01-10,0.82440000,0.83290000,0.80620000,0.82440000,739866.11000000
2020-01-11,0.82360000,0.89360000,0.80120000,0.85610000,2461820.89000000
2020-01-12,0.85890000,0.88180000,0.83530000,0.84470000,1057584.87000000
2020-01-13,0.84480000,0.88530000,0.83350000,0.86000000,1043654.23000000
2020-01-14,0.86180000,0.87980000,0.84570000,0.86370000,1686676.53000000
2020-01-15,0.86340000,0.92500000,0.85740000,0.89600000,1767351.71000000
2020-01-16,0.89700000,0.89970000,0.86090000,0.88090000,732447.46000000
2020-01-17,0.88090000,0.90870000,0.87140000,0.90000000,1017318.13000000
2020-01-18,0.89850000,0.90760000,0.87550000,0.87830000,531074.90000000
2020-01-19,0.87700000,0.90000000,0.82500000,0.88890000,1197859.67000000
2020-01-20,0.88820000,0.90900000,0.85700000,0.86730000,872120.84000000
2020-01-21,0.86750000,0.89340000,0.85950000,0.87230000,677582.96000000
2020-01-22,0.87220000,0.89030000,0.85510000,0.88620000,500591.81000000
2020-01-23,0.88620000,0.90410000,0.83760000,0.87260000,1386696.08000000
2020-01-24,0.87260000,0.89100000,0.84000000,0.85520000,1229260.35000000
2020-01-25,0.85550000,0.86000000,0.84350000,0.85120000,482509.01000000
2020-01-26,0.84880000,0.89250000,0.84770000,0.87180000,894955.34000000
2020-01-27,0.86970000,0.88610000,0.85960000,0.86800000,850339.95000000
2020-01-28,0.86810000,0.90500000,0.86000000,0.88560000,964051.40000000
2020-01-29,0.88450000,0.90030000,0.86700000,0.86990000,799615.42000000
2020-01-30,0.86980000,0.88830000,0.85840000,0.86960000,865007.30000000
2020-01-31,0.86930000,0.93000000,0.86050000,0.88240000,2449261.98000000
2020-02-01,0.88240000,0.91430000,0.87850000,0.91110000,816084.90000000
2020-02-02,0.91110000,1.02180000,0.89330000,0.95940000,3321874.71000000
2020-02-03,0.95940000,1.01580000,0.94630000,0.98090000,1795201.50000000
2020-02-04,0.98060000,0.99380000,0.94600000,0.96430000,986663.57000000
2020-02-05,0.96430000,1.00970000,0.95960000,0.98990000,1265562.98000000
2020-02-06,0.99250000,1.03650000,0.97140000,1.03640000,1297244.58000000
2020-02-07,1.03430000,1.12800000,1.02360000,1.09200000,3723106.49000000
2020-02-08,1.09200000,1.09360000,1.03040000,1.05800000,963016.42000000
2020-02-09,1.05770000,1.12330000,1.05490000,1.11000000,1068408.49000000
2020-02-10,1.10970000,1.56200000,1.10630000,1.43760000,6379247.43000000
2020-02-11,1.43750000,1.54440000,1.31000000,1.41170000,5209512.00000000
2020-02-12,1.41170000,1.54000000,1.40740000,1.43240000,3117026.45000000
2020-02-13,1.42450000,1.45430000,1.36370000,1.40380000,1587248.52000000
2020-02-14,1.40380000,1.56490000,1.36650000,1.55290000,2784939.57000000
2020-02-15,1.55290000,1.72000000,1.45120000,1.46860000,4317756.55000000
2020-02-16,1.46520000,1.49510000,1.27660000,1.38090000,1669436.34000000
2020-02-17,1.38290000,1.39380000,1.21070000,1.33660000,1967703.13000000
2020-02-18,1.33860000,1.48410000,1.30130000,1.46930000,2689734.91000000
2020-02-19,1.46930000,1.55730000,1.28720000,1.37170000,2536047.60000000
2020-02-20,1.37170000,1.51510000,1.33780000,1.48540000,3743118.56000000
2020-02-21,1.48790000,1.51820000,1.41580000,1.44590000,1135473.20000000
2020-02-22,1.44610000,1.45380000,1.37190000,1.41980000,633201.14000000
2020-02-23,1.41980000,1.45000000,1.40080000,1.44390000,421051.89000000
2020-02-24,1.44390000,1.45780000,1.32190000,1.37350000,569641.39000000
2020-02-25,1.36710000,1.36840000,1.24700000,1.32150000,1081059.35000000
2020-02-26,1.31650000,1.34830000,1.13940000,1.15620000,1442246.02000000
2020-02-27,1.15900000,1.23720000,1.09740000,1.21480000,1391657.96000000
2020-02-28,1.22200000,1.22390000,1.11060000,1.15290000,753780.56000000
2020-02-29,1.15260000,1.17480000,1.12770000,1.13170000,486521.18000000
2020-03-01,1.13170000,1.17890000,1.09900000,1.11760000,445944.96000000
2020-03-02,1.11750000,1.20990000,1.10760000,1.18530000,853509.63000000
2020-03-03,1.18790000,1.18800000,1.13220000,1.16390000,725031.08000000
2020-03-04,1.16450000,1.21220000,1.13120000,1.19980000,842275.96000000
2020-03-05,1.20170000,1.34000000,1.18720000,1.33940000,2717019.85000000
2020-03-06,1.33940000,1.46570000,1.29950000,1.37500000,3493571.85000000
2020-03-07,1.37500000,1.39940000,1.28070000,1.28580000,1093939.30000000
2020-03-08,1.28060000,1.28060000,1.08500000,1.09360000,1137377.58000000
2020-03-09,1.09850000,1.12650000,1.02590000,1.09250000,943307.83000000
2020-03-10,1.09450000,1.49790000,1.07680000,1.28750000,5558992.28000000
2020-03-11,1.28910000,1.40590000,1.16110000,1.33700000,3517450.96000000
2020-03-12,1.33910000,1.36600000,0.73000000,0.79500000,4001113.67000000
2020-03-13,0.79500000,0.97490000,0.54290000,0.87070000,2083636.81000000
2020-03-14,0.86630000,0.89320000,0.78540000,0.80500000,1118636.30000000
2020-03-15,0.80380000,0.94290000,0.79580000,0.86290000,1197623.18000000
2020-03-16,0.86020000,0.86020000,0.65750000,0.73860000,1247244.44000000
2020-03-17,0.74080000,0.93220000,0.72470000,0.86120000,2241921.64000000
2020-03-18,0.86080000,0.94000000,0.78150000,0.86670000,2191156.20000000
2020-03-19,0.86900000,1.01110000,0.86390000,0.95160000,1276626.29000000
2020-03-20,0.95010000,1.08900000,0.86270000,0.95190000,1485205.28000000
2020-03-21,0.95220000,0.98270000,0.88440000,0.93540000,594298.39000000
2020-03-22,0.93210000,0.95790000,0.84320000,0.84520000,571523.60000000
2020-03-23,0.84520000,0.95000000,0.83300000,0.92210000,729815.83000000
2020-03-24,0.92210000,0.94690000,0.89180000,0.93390000,1151967.68000000
2020-03-25,0.93000000,0.94000000,0.88210000,0.89920000,717848.29000000
2020-03-26,0.90090000,0.91600000,0.88000000,0.89170000,607295.03000000
2020-03-27,0.89170000,0.91960000,0.83210000,0.85900000,513270.63000000
2020-03-28,0.85870000,0.85870000,0.79630000,0.81440000,705700.64000000
2020-03-29,0.81550000,0.82020000,0.76880000,0.77100000,389453.52000000
2020-03-30,0.77120000,0.84660000,0.76770000,0.82620000,944052.26000000
2020-03-31,0.82360000,1.12590000,0.81410000,0.99000000,8664763.58000000
2020-04-01,0.99000000,1.02380000,0.90530000,0.96980000,3871047.29000000
2020-04-02,0.96990000,1.01100000,0.94180000,0.96150000,2419945.66000000
2020-04-03,0.95900000,1.00000000,0.93430000,0.96290000,1503024.31000000
2020-04-04,0.96370000,0.97240000,0.93220000,0.95050000,1017668.61000000
2020-04-05,0.95110000,0.95800000,0.92350000,0.94860000,754532.33000000
2020-04-06,0.94860000,0.99240000,0.93600000,0.98670000,1782084.84000000
2020-04-07,0.98680000,1.09950000,0.96530000,0.99280000,2614054.82000000
2020-04-08,0.99250000,1.02820000,0.98010000,1.00670000,1451740.56000000
2020-04-09,1.00710000,1.05540000,0.98050000,1.04580000,1959627.53000000
2020-04-10,1.04570000,1.18620000,0.98710000,0.99980000,7529500.49000000
2020-04-11,1.00220000,1.03730000,0.98010000,0.99120000,872678.66000000
2020-04-12,0.99590000,1.04300000,0.96660000,0.99650000,544851.95000000
2020-04-13,0.99590000,1.01410000,0.95210000,0.99910000,593224.96000000
2020-04-14,0.99970000,1.01180000,0.97690000,0.98990000,385653.49000000
2020-04-15,0.98840000,1.01990000,0.95660000,0.95900000,744948.99000000
2020-04-16,0.95900000,1.02330000,0.94110000,1.00560000,940304.79000000
2020-04-17,1.00500000,1.02020000,0.99010000,0.99750000,375572.03000000
2020-04-18,0.99750000,1.05250000,0.99740000,1.04110000,1056923.97000000
2020-04-19,1.04110000,1.04240000,1.01000000,1.01380000,506379.72000000
2020-04-20,1.01110000,1.04690000,0.95540000,0.97310000,587065.44000000
2020-04-21,0.97110000,0.98420000,0.94540000,0.96390000,452637.85000000
2020-04-22,0.96390000,0.99870000,0.96100000,0.99800000,592704.65000000
2020-04-23,0.99830000,1.04200000,0.97610000,1.00740000,1206331.77000000
2020-04-24,1.01400000,1.02930000,0.99610000,1.01070000,1093813.91000000
2020-04-25,1.01200000,1.03400000,1.00250000,1.02210000,1227625.47000000
2020-04-26,1.02200000,1.05520000,1.01390000,1.05220000,1421971.79000000
2020-04-27,1.05410000,1.19900000,1.02690000,1.05500000,5614348.52000000
2020-04-28,1.05500000,1.08500000,1.03850000,1.05340000,1374085.56000000
2020-04-29,1.05440000,1.14330000,1.05410000,1.09900000,1876720.72000000
2020-04-30,1.09890000,1.14500000,1.04920000,1.05520000,1401511.78000000
2020-05-01,1.05130000,1.09240000,1.05100000,1.07510000,623085.13000000
2020-05-02,1.07470000,1.09130000,1.06690000,1.08840000,487065.58000000
2020-05-03,1.08970000,1.09670000,1.04930000,1.06240000,882692.29000000
2020-05-04,1.06300000,1.10620000,1.00540000,1.06000000,1238084.99000000
2020-05-05,1.06000000,1.06850000,1.02770000,1.05170000,737162.03000000
2020-05-06,1.04900000,1.05840000,1.02000000,1.02400000,529173.68000000
2020-05-07,1.02320000,1.06270000,1.01150000,1.04440000,766009.92000000
2020-05-08,1.04240000,1.07650000,1.01140000,1.05510000,858559.36000000
2020-05-09,1.05510000,1.06830000,1.04030000,1.04060000,401525.14000000
2020-05-10,1.04060000,1.04060000,0.90000000,0.95520000,1370450.56000000
2020-05-11,0.95770000,0.97650000,0.89500000,0.93100000,980803.03000000
2020-05-12,0.92870000,1.11650000,0.92750000,1.06990000,3896486.23000000
2020-05-13,1.07050000,1.17500000,1.05120000,1.06000000,4273422.92000000
2020-05-14,1.06140000,1.07990000,1.03910000,1.04610000,825120.63000000
2020-05-15,1.04690000,1.06310000,1.01010000,1.02980000,655761.34000000
2020-05-16,1.02870000,1.04620000,1.01440000,1.02990000,387524.10000000
2020-05-17,1.02990000,1.09360000,1.02360000,1.04970000,651974.28000000
2020-05-18,1.05100000,1.07500000,1.04100000,1.06380000,413610.60000000
2020-05-19,1.06390000,1.07000000,1.03850000,1.06150000,424002.04000000
2020-05-20,1.06150000,1.08300000,1.03090000,1.05420000,696417.01000000
2020-05-21,1.05400000,1.16530000,0.99250000,1.01670000,2375379.45000000
2020-05-22,1.01770000,1.08800000,1.00300000,1.06650000,1036120.15000000
2020-05-23,1.06930000,1.10000000,1.03060000,1.06990000,913502.99000000
2020-05-24,1.07240000,1.09800000,1.01080000,1.01170000,1013676.19000000
2020-05-25,1.01030000,1.07130000,1.00560000,1.05760000,880167.06000000
2020-05-26,1.05760000,1.14630000,1.04380000,1.06450000,2775140.27000000
2020-05-27,1.06610000,1.08720000,1.04880000,1.06530000,776355.23000000
2020-05-28,1.06500000,1.09400000,1.05560000,1.08700000,398456.91000000
2020-05-29,1.08750000,1.10990000,1.05500000,1.08590000,535076.94000000
2020-05-30,1.08610000,1.13460000,1.07620000,1.11370000,904922.98000000
2020-05-31,1.11450000,1.13440000,1.08610000,1.09450000,710065.99000000
2020-06-01,1.09220000,1.15640000,1.09010000,1.14850000,891661.40000000
2020-06-02,1.14850000,1.15790000,1.05800000,1.11800000,927716.97000000
2020-06-03,1.11820000,1.12290000,1.09240000,1.11760000,555258.14000000
2020-06-04,1.11780000,1.16700000,1.10500000,1.12560000,862008.64000000
2020-06-05,1.12610000,1.15500000,1.11730000,1.13050000,767613.45000000
2020-06-06,1.13030000,1.19180000,1.11550000,1.14870000,1663412.96000000
2020-06-07,1.14870000,1.15850000,1.11310000,1.14430000,564304.66000000
2020-06-08,1.14420000,1.21000000,1.13480000,1.18520000,1350029.76000000
2020-06-09,1.18520000,1.18690000,1.15760000,1.17210000,438412.21000000
2020-06-10,1.17220000,1.31970000,1.16800000,1.24230000,3169835.38000000
2020-06-11,1.24330000,1.29520000,1.10000000,1.13350000,1639581.60000000
2020-06-12,1.13120000,1.21220000,1.13000000,1.21030000,544268.08000000
2020-06-13,1.21210000,1.26100000,1.18320000,1.24890000,628653.90000000
2020-06-14,1.24750000,1.25710000,1.16220000,1.17480000,473525.48000000
2020-06-15,1.17510000,1.18530000,1.09120000,1.16590000,779627.52000000
2020-06-16,1.16710000,1.29990000,1.16100000,1.25630000,2548664.71000000
2020-06-17,1.25610000,1.29240000,1.21200000,1.26090000,760729.36000000
2020-06-18,1.26090000,1.26460000,1.21400000,1.23750000,433993.44000000
2020-06-19,1.23350000,1.25130000,1.20050000,1.21510000,337658.23000000
2020-06-20,1.21510000,1.23280000,1.17990000,1.20230000,422293.07000000
2020-06-21,1.20240000,1.22750000,1.19610000,1.19970000,287048.23000000
2020-06-22,1.20160000,1.23480000,1.19970000,1.22580000,360704.38000000
2020-06-23,1.22800000,1.26300000,1.22640000,1.23900000,416893.36000000
2020-06-24,1.23900000,1.24750000,1.16150000,1.18490000,548775.31000000
2020-06-25,1.18450000,1.19100000,1.15000000,1.18480000,438687.52000000
2020-06-26,1.18350000,1.18350000,1.14970000,1.15420000,354616.04000000
2020-06-27,1.15420000,1.18950000,1.07010000,1.11330000,448811.69000000
2020-06-28,1.11330000,1.13950000,1.10060000,1.13390000,185962.93000000
2020-06-29,1.13460000,1.14980000,1.11390000,1.14100000,269004.63000000
2020-06-30,1.14400000,1.14500000,1.11770000,1.12000000,148610.14000000
2020-07-01,1.12120000,1.16590000,1.11560000,1.15150000,199224.25000000
2020-07-02,1.15310000,1.18750000,1.11210000,1.12580000,772563.92000000
2020-07-03,1.12890000,1.13590000,1.12000000,1.12100000,150254.82000000
2020-07-04,1.11900000,1.13400000,1.09890000,1.13050000,143131.31000000
2020-07-05,1.13050000,1.13090000,1.10010000,1.11600000,202686.56000000
2020-07-06,1.11600000,1.15970000,1.11390000,1.15970000,354168.40000000
2020-07-07,1.15800000,1.17530000,1.14210000,1.16720000,389815.47000000
2020-07-08,1.16750000,1.21830000,1.15720000,1.21170000,1120059.79000000
2020-07-09,1.21180000,1.22280000,1.14800000,1.17040000,787551.16000000
2020-07-10,1.17200000,1.20000000,1.04100000,1.15850000,783627.57000000
2020-07-11,1.16050000,1.20690000,1.15530000,1.20080000,647787.41000000
2020-07-12,1.20100000,1.22990000,1.18540000,1.21110000,925904.35000000
2020-07-13,1.21360000,1.22200000,1.16150000,1.18350000,732169.51000000
2020-07-14,1.17950000,1.31950000,1.16470000,1.31890000,2509371.69000000
2020-07-15,1.31900000,1.41990000,1.29000000,1.32150000,3813002.00000000
2020-07-16,1.32270000,1.58000000,1.20590000,1.34870000,6591009.44000000
2020-07-17,1.35180000,1.61940000,1.31580000,1.46010000,4619804.59000000
2020-07-18,1.45890000,1.54220000,1.39780000,1.46890000,1663081.91000000
2020-07-19,1.46890000,1.51000000,1.40490000,1.45720000,988886.24000000
2020-07-20,1.45990000,1.80000000,1.43080000,1.59960000,6510211.93000000
2020-07-21,1.59950000,1.76610000,1.53820000,1.65810000,2693354.78000000
2020-07-22,1.65810000,1.76000000,1.63900000,1.67150000,1987515.48000000
2020-07-23,1.67160000,1.69940000,1.54560000,1.58800000,1770266.51000000
2020-07-24,1.58630000,1.69050000,1.52810000,1.56170000,1279357.04000000
2020-07-25,1.56500000,1.60810000,1.49810000,1.52700000,844255.52000000
2020-07-26,1.52370000,1.53720000,1.44470000,1.52500000,1158055.03000000
2020-07-27,1.52240000,1.52620000,1.37610000,1.47340000,1272977.60000000
2020-07-28,1.47180000,1.52680000,1.45530000,1.49940000,825170.97000000
2020-07-29,1.49580000,1.53300000,1.47610000,1.50030000,771124.63000000
2020-07-30,1.50030000,1.64000000,1.49440000,1.52930000,1992676.53000000
2020-07-31,1.52950000,1.55520000,1.50420000,1.52060000,1022330.44000000
2020-08-01,1.52050000,1.57430000,1.51010000,1.57070000,2389212.90000000
2020-08-02,1.57070000,1.67970000,1.46020000,1.59900000,3879369.25000000
2020-08-03,1.60050000,1.71760000,1.57840000,1.69560000,6198595.31000000
2020-08-04,1.69380000,1.71000000,1.60000000,1.64580000,4719052.13000000
2020-08-05,1.64570000,1.65070000,1.58980000,1.64750000,3775953.10000000
2020-08-06,1.64750000,1.79100000,1.63470000,1.71100000,5923433.93000000
2020-08-07,1.71140000,1.79330000,1.67220000,1.78600000,2650928.99000000
2020-08-08,1.78590000,1.99000000,1.76960000,1.82580000,3286840.25000000
2020-08-09,1.82510000,1.98920000,1.79000000,1.94790000,2087959.40000000
2020-08-10,1.94590000,2.09900000,1.87060000,1.97470000,2744675.62000000
2020-08-11,1.97300000,2.06190000,1.81220000,1.86480000,2051741.14000000
2020-08-12,1.86250000,2.25990000,1.79660000,2.17060000,9980169.47000000
2020-08-13,2.17030000,3.63000000,2.06290000,3.32670000,26916306.56000000
2020-08-14,3.31440000,4.13000000,2.95930000,3.49140000,20544549.73000000
2020-08-15,3.49140000,3.78200000,3.16860000,3.38950000,9792605.87000000
2020-08-16,3.39620000,4.29000000,3.38330000,4.03410000,15482371.46000000
2020-08-17,4.03410000,4.80000000,4.01180000,4.40950000,16401416.72000000
2020-08-18,4.40980000,4.59000000,3.55000000,4.18390000,13426888.90000000
2020-08-19,4.19700000,4.53420000,3.55000000,3.81510000,11623978.69000000
2020-08-20,3.82200000,4.06000000,3.74350000,3.85570000,5653677.19000000
2020-08-21,3.85760000,3.87990000,3.17010000,3.20140000,12370402.03000000
2020-08-22,3.20560000,3.52370000,2.86250000,3.38310000,6129846.59000000
2020-08-23,3.38930000,3.68000000,3.18190000,3.49900000,5934824.51000000
2020-08-24,3.49900000,3.78020000,3.36520000,3.64780000,4183932.41000000
2020-08-25,3.64890000,3.66130000,3.07800000,3.22700000,4936003.40000000
2020-08-26,3.23300000,3.36500000,3.11960000,3.25750000,3086551.02000000
2020-08-27,3.25510000,3.29720000,2.95530000,3.09720000,3427714.38000000
2020-08-28,3.11120000,3.52490000,3.04320000,3.36970000,3497142.26000000
2020-08-29,3.36980000,3.56490000,3.27680000,3.37000000,2898064.29000000
2020-08-30,3.37000000,3.49000000,3.28660000,3.37860000,1959435.70000000
2020-08-31,3.38160000,3.76010000,3.36540000,3.59540000,4194120.97000000
2020-09-01,3.59540000,3.87860000,3.51590000,3.53450000,3343720.47000000
2020-09-02,3.53010000,3.60000000,2.97000000,3.27480000,2858387.97000000
2020-09-03,3.27420000,3.34170000,2.25480000,2.47580000,2851728.89000000
2020-09-04,2.47600000,2.83940000,2.30460000,2.62040000,4476897.08000000
2020-09-05,2.62860000,2.72000000,2.11680000,2.31330000,2436704.28000000
2020-09-06,2.31060000,2.53110000,2.18930000,2.47100000,2114503.68000000
2020-09-07,2.47480000,2.49980000,2.22230000,2.39980000,1968742.93000000
2020-09-08,2.39920000,2.50010000,2.22000000,2.32000000,1752132.36000000
2020-09-09,2.31660000,2.48000000,2.25370000,2.39710000,1831881.47000000
2020-09-10,2.39270000,2.54240000,2.37960000,2.43370000,1322863.68000000
2020-09-11,2.43480000,2.51000000,2.35420000,2.50000000,915507.86000000
2020-09-12,2.49990000,2.65520000,2.45070000,2.61190000,1594519.67000000
2020-09-13,2.60980000,3.14990000,2.53300000,3.07760000,6877255.88000000
2020-09-14,3.07840000,3.11540000,2.77980000,2.88530000,3921405.55000000
2020-09-15,2.88850000,2.90530000,2.46330000,2.48750000,2686536.68000000
2020-09-16,2.48490000,2.56660000,2.31820000,2.55890000,1591457.89000000
2020-09-17,2.55900000,2.65000000,2.44500000,2.55230000,1271227.51000000
2020-09-18,2.55250000,2.56990000,2.38140000,2.44740000,1246148.23000000
2020-09-19,2.44850000,2.59250000,2.42520000,2.54260000,2161401.04000000
2020-09-20,2.54280000,2.57800000,2.36590000,2.43890000,1667101.86000000
2020-09-21,2.43890000,2.45850000,2.08780000,2.15310000,3114816.76000000
2020-09-22,2.15560000,2.25340000,2.11130000,2.21830000,1769673.01000000
2020-09-23,2.21760000,2.59370000,2.00000000,2.17180000,4839932.04000000
2020-09-24,2.17230000,2.38000000,2.14830000,2.36860000,2535955.49000000
2020-09-25,2.36860000,2.40890000,2.30110000,2.38940000,3135786.15000000
2020-09-26,2.38920000,2.52920000,2.36520000,2.51480000,2334155.85000000
2020-09-27,2.51030000,2.53760000,2.39110000,2.48350000,1763613.90000000
2020-09-28,2.48350000,2.51400000,2.38000000,2.41730000,2635696.22000000
2020-09-29,2.41700000,2.47230000,2.37730000,2.45150000,1848323.74000000
2020-09-30,2.45150000,2.57360000,2.43340000,2.57340000,2395297.22000000
2020-10-01,2.57340000,2.79740000,2.45000000,2.62400000,4860837.80000000
2020-10-02,2.62400000,2.62580000,2.29300000,2.45200000,1900118.99000000
2020-10-03,2.44800000,2.50540000,2.39440000,2.42000000,635812.40000000
2020-10-04,2.41260000,2.42460000,2.33000000,2.36990000,676199.35000000
2020-10-05,2.36990000,2.43710000,2.31170000,2.35970000,613769.96000000
2020-10-06,2.35970000,2.36230000,2.14770000,2.17240000,1023250.55000000
2020-10-07,2.17450000,2.29970000,2.06490000,2.28450000,1015348.28000000
2020-10-08,2.28430000,2.34940000,2.12010000,2.31090000,960952.28000000
2020-10-09,2.31000000,2.42900000,2.23790000,2.39270000,1738117.87000000
2020-10-10,2.39260000,2.53630000,2.37810000,2.42440000,2396674.43000000
2020-10-11,2.42190000,2.46920000,2.39200000,2.44770000,2493942.02000000
2020-10-12,2.44760000,2.51720000,2.42000000,2.46220000,2715172.73000000
2020-10-13,2.46150000,2.59930000,2.45260000,2.51670000,2775231.68000000
2020-10-14,2.51670000,2.53320000,2.43600000,2.50970000,2060366.97000000
2020-10-15,2.50970000,2.75980000,2.43420000,2.69700000,4234211.32000000
2020-10-16,2.69710000,3.35000000,2.54450000,2.95570000,7328527.33000000
2020-10-17,2.95330000,3.39890000,2.87110000,3.18540000,4779117.49000000
2020-10-18,3.18540000,3.28480000,3.03080000,3.05670000,1822647.64000000
2020-10-19,3.06010000,3.07910000,2.90810000,2.93730000,1225964.89000000
2020-10-20,2.93420000,2.93850000,2.81710000,2.86780000,1560820.46000000
2020-10-21,2.87050000,3.14000000,2.85670000,3.11110000,3211332.81000000
2020-10-22,3.11420000,3.30000000,3.06670000,3.24380000,3218745.20000000
2020-10-23,3.24440000,3.59980000,3.16620000,3.37090000,4024237.10000000
2020-10-24,3.37090000,3.47590000,3.32720000,3.43820000,1575962.76000000
2020-10-25,3.43780000,3.48860000,3.26890000,3.27840000,1663754.20000000
2020-10-26,3.27820000,3.30420000,3.06390000,3.16940000,1413687.09000000
2020-10-27,3.16970000,3.23790000,3.08110000,3.15690000,825713.29000000
2020-10-28,3.15280000,3.18710000,2.95890000,3.05040000,794221.64000000
2020-10-29,3.05040000,3.13070000,2.93840000,3.02320000,1197433.40000000
2020-10-30,3.02320000,3.50000000,2.95380000,3.21010000,3624124.96000000
2020-10-31,3.20770000,3.31900000,3.18880000,3.23290000,758672.74000000
2020-11-01,3.23290000,3.24680000,3.18000000,3.22310000,582990.57000000
2020-11-02,3.22690000,3.27850000,3.09310000,3.11450000,873400.14000000
2020-11-03,3.11110000,3.16890000,3.04170000,3.14770000,742496.48000000
2020-11-04,3.14700000,3.21600000,3.08500000,3.19860000,672167.07000000
2020-11-05,3.19800000,3.47000000,3.19160000,3.42770000,1720516.87000000
2020-11-06,3.42770000,3.65000000,3.38770000,3.56910000,2316162.76000000
2020-11-07,3.56610000,3.75000000,3.36880000,3.44340000,2608122.84000000
2020-11-08,3.43800000,3.54000000,3.42590000,3.51860000,1254911.77000000
2020-11-09,3.51990000,3.98800000,3.41870000,3.79760000,2504051.22000000
2020-11-10,3.79970000,3.95000000,3.70320000,3.82680000,1558275.87000000
2020-11-11,3.82700000,3.84620000,3.70810000,3.74670000,1201513.70000000
2020-11-12,3.75100000,3.96360000,3.67550000,3.89100000,1821493.11000000
2020-11-13,3.89030000,4.13880000,3.88240000,4.09750000,1872991.41000000
2020-11-14,4.09210000,4.48490000,4.07060000,4.29020000,2718173.00000000
2020-11-15,4.29590000,4.43320000,4.19650000,4.36530000,1588106.38000000
2020-11-16,4.36530000,5.32090000,4.34000000,4.90290000,4377464.53000000
2020-11-17,4.90300000,5.04670000,4.71000000,4.92430000,1565188.56000000
2020-11-18,4.92200000,5.33800000,4.58000000,5.17280000,3229390.65000000
2020-11-19,5.17250000,5.98160000,5.03090000,5.84560000,3803701.32000000
2020-11-20,5.83530000,7.16640000,5.68750000,6.76530000,6730966.38000000
2020-11-21,6.76670000,6.90280000,6.02860000,6.21110000,3420752.27000000
2020-11-22,6.22350000,7.75500000,5.74590000,7.06960000,7923040.02000000
2020-11-23,7.05900000,8.73000000,7.05900000,7.92070000,5566797.98000000
2020-11-24,7.89270000,8.21560000,7.30000000,7.54880000,3157080.54000000
2020-11-25,7.54310000,7.69990000,6.00000000,6.70330000,3197964.19000000
2020-11-26,6.68230000,6.79000000,5.55900000,6.06060000,4141174.39000000
2020-11-27,6.05290000,6.90000000,6.00170000,6.45180000,2702646.47000000
2020-11-28,6.45190000,6.84990000,6.27220000,6.59730000,1718893.92000000
2020-11-29,6.59070000,7.32870000,6.41280000,7.03310000,2361660.14000000
2020-11-30,7.03670000,7.29520000,6.86230000,7.08410000,1526054.05000000
2020-12-01,7.08340000,7.10160000,6.20000000,6.82010000,2243481.80000000
2020-12-02,6.82010000,7.55790000,6.62800000,7.04930000,1790763.59000000
2020-12-03,7.04300000,7.49840000,6.85690000,7.38570000,1486851.82000000
2020-12-04,7.38570000,7.87780000,7.07000000,7.22700000,2580780.54000000
2020-12-05,7.22700000,8.42560000,7.15970000,8.12890000,2356255.51000000
2020-12-06,8.13860000,8.68900000,7.86200000,8.43310000,2396873.88000000
2020-12-07,8.43320000,9.32000000,8.13890000,8.94620000,3225603.31000000
2020-12-08,8.94400000,9.20000000,7.65000000,7.79440000,2424673.40000000
2020-12-09,7.79570000,8.93260000,7.22960000,8.55430000,3219140.29000000
2020-12-10,8.54690000,8.71120000,7.82250000,8.11600000,1734792.10000000
2020-12-11,8.12460000,8.41110000,7.66450000,8.12070000,1701419.31000000
2020-12-12,8.12170000,8.84120000,8.11940000,8.46880000,2016297.96000000
2020-12-13,8.47120000,8.94990000,8.25250000,8.64190000,1427114.28000000
2020-12-14,8.64070000,8.85000000,8.32640000,8.61920000,1268638.89000000
2020-12-15,8.62350000,8.66690000,8.05000000,8.11740000,1044837.29000000
2020-12-16,8.10840000,8.55550000,7.93440000,8.34370000,1187888.62000000
2020-12-17,8.34320000,8.58000000,7.79370000,7.93000000,1700896.01000000
2020-12-18,7.92680000,8.22500000,7.51210000,7.82860000,1229834.36000000
2020-12-19,7.82510000,8.00000000,7.61050000,7.66560000,851659.92000000
2020-12-20,7.66000000,7.76000000,7.04260000,7.17410000,1103890.18000000
2020-12-21,7.18080000,7.33360000,6.45350000,6.65770000,1526821.34000000
2020-12-22,6.65770000,7.65010000,6.52600000,7.09590000,2241568.91000000
2020-12-23,7.10110000,7.23140000,5.41500000,5.87320000,1896933.54000000
2020-12-24,5.86990000,6.74400000,5.42010000,6.48380000,2271407.79000000
2020-12-25,6.49240000,7.29500000,6.38440000,6.66220000,1688966.20000000
2020-12-26,6.65510000,6.83400000,6.23550000,6.34280000,771149.96000000
2020-12-27,6.34200000,6.84550000,6.00010000,6.39950000,1462336.74000000
2020-12-28,6.40750000,6.79070000,6.31620000,6.62450000,946600.43000000
2020-12-29,6.62670000,7.60390000,6.52070000,7.01250000,2333087.23000000
2020-12-30,7.02250000,7.06360000,6.46640000,6.62350000,1064678.91000000
2020-12-31,6.62910000,6.63590000,5.96710000,6.19390000,1235999.40000000
2021-01-01,6.19390000,6.36170000,5.88250000,5.97950000,2057953.80000000
2021-01-02,5.97950000,5.98020000,5.44360000,5.58730000,2805520.85000000
2021-01-03,5.58290000,6.07390000,5.07920000,5.55810000,4334320.66000000
2021-01-04,5.55810000,6.15000000,4.86000000,5.39430000,3110352.59000000
2021-01-05,5.39190000,5.84160000,5.16320000,5.57680000,2797294.25000000
2021-01-06,5.57260000,6.13500000,5.35230000,5.84000000,3182507.29000000
2021-01-07,5.84810000,6.57780000,5.50000000,5.93770000,4017826.93000000
2021-01-08,5.93140000,5.98590000,5.17210000,5.61080000,2656961.92000000
2021-01-09,5.61490000,6.27000000,5.41370000,6.18180000,2162083.17000000
2021-01-10,6.18160000,6.98000000,5.86990000,6.52730000,5124687.83000000
2021-01-11,6.52800000,6.54470000,4.96670000,5.61840000,3973971.93000000
2021-01-12,5.60930000,6.60160000,5.40790000,6.02300000,4415896.00000000
2021-01-13,6.01890000,6.52170000,5.78590000,6.38120000,2161759.52000000
2021-01-14,6.38280000,6.89800000,5.80000000,6.44390000,3233900.70000000
2021-01-15,6.44380000,6.89770000,5.85000000,6.35390000,3876814.50000000
2021-01-16,6.37040000,6.94790000,6.20600000,6.63160000,3044807.26000000
2021-01-17,6.63160000,8.19000000,6.27400000,7.37680000,6267179.05000000
2021-01-18,7.37800000,8.30390000,7.30020000,7.83840000,3972627.18000000
2021-01-19,7.83770000,7.93040000,7.07000000,7.07730000,2321561.63000000
2021-01-20,7.07480000,7.30000000,6.47180000,7.20940000,2060258.55000000
2021-01-21,7.21470000,7.24280000,5.90000000,5.98850000,2031299.13000000
2021-01-22,5.97610000,6.64000000,5.45060000,6.40280000,1804100.88000000
2021-01-23,6.39200000,6.88800000,6.31850000,6.59230000,1649390.61000000
2021-01-24,6.58870000,7.44890000,6.52210000,6.98330000,3146784.18000000
2021-01-25,6.99280000,7.32340000,6.65200000,6.67230000,1867470.35000000
2021-01-26,6.67220000,6.91920000,6.41100000,6.82880000,1181531.54000000
2021-01-27,6.82880000,6.84510000,5.95010000,6.03710000,1129406.32000000
2021-01-28,6.02690000,6.54000000,5.93350000,6.28360000,1057445.51000000
2021-01-29,6.28750000,6.79800000,6.15650000,6.51430000,1619427.14000000
2021-01-30,6.50110000,6.98620000,6.23000000,6.74000000,1554499.62000000
2021-01-31,6.74280000,7.06490000,6.43270000,6.54380000,1613816.95000000
2021-02-01,6.54380000,7.23100000,6.39000000,7.01870000,2324066.45000000
2021-02-02,7.01160000,7.15380000,6.84060000,6.94790000,912107.80000000
2021-02-03,6.94020000,7.57160000,6.87690000,7.29730000,1871331.69000000
2021-02-04,7.29880000,7.80000000,6.70290000,7.24650000,3131790.36000000
2021-02-05,7.24440000,8.95000000,7.17500000,8.84590000,5716049.26000000
2021-02-06,8.85990000,8.91810000,7.57000000,8.19140000,2906061.13000000
2021-02-07,8.20000000,8.39990000,7.58890000,8.05080000,2232075.16000000
2021-02-08,8.04140000,8.55380000,7.78000000,8.38750000,2623777.95000000
2021-02-09,8.38900000,11.38000000,8.25900000,9.78790000,7468791.58000000
2021-02-10,9.78780000,10.72000000,8.91800000,9.66690000,5801400.54000000
2021-02-11,9.65150000,11.21890000,9.45000000,10.45960000,3329357.88000000
2021-02-12,10.45960000,11.27180000,9.94350000,10.85090000,1949873.48000000
2021-02-13,10.86300000,11.74000000,10.33570000,11.23150000,2565543.88000000
2021-02-14,11.24280000,13.41000000,10.57150000,11.80030000,5362077.68000000
2021-02-15,11.82420000,12.44390000,9.32400000,10.96690000,3387982.94000000
2021-02-16,10.96800000,11.53330000,10.31310000,11.06660000,2106391.95000000
2021-02-17,11.06680000,11.66490000,10.03560000,11.49130000,2184288.87000000
2021-02-18,11.48270000,14.20000000,11.37370000,12.36070000,3282700.95000000
2021-02-19,12.39740000,13.38410000,11.80010000,12.54620000,2003862.60000000
2021-02-20,12.56620000,13.34640000,11.57400000,12.26040000,1897214.61000000
2021-02-21,12.25090000,12.92110000,12.02310000,12.35640000,1238872.27000000
2021-02-22,12.37060000,12.38150000,9.11650000,10.61500000,2353876.97000000
2021-02-23,10.62070000,10.70120000,7.70000000,9.37490000,4015069.48000000
2021-02-24,9.37460000,10.86160000,8.90900000,9.83360000,1870321.11000000
2021-02-25,9.83160000,11.50000000,9.52210000,9.60740000,2073440.11000000
2021-02-26,9.59800000,10.00300000,8.94570000,9.56120000,1239109.43000000
2021-02-27,9.56460000,10.06000000,9.33200000,9.59550000,961586.84000000
2021-02-28,9.60430000,9.65040000,8.33730000,8.90260000,935320.17000000
2021-03-01,8.90470000,9.66370000,8.84040000,9.52340000,757032.07000000
2021-03-02,9.52780000,9.96600000,9.07230000,9.41750000,934463.10000000
2021-03-03,9.41200000,10.10000000,9.32150000,9.81820000,1106651.02000000
2021-03-04,9.82010000,10.22310000,9.10130000,9.44720000,879994.01000000
2021-03-05,9.44720000,10.58470000,8.95830000,9.91250000,1924512.31000000
2021-03-06,9.92220000,10.35720000,9.64630000,9.99160000,719054.64000000
2021-03-07,9.99160000,10.23360000,9.80070000,10.14710000,586736.23000000
2021-03-08,10.13260000,10.20800000,9.71400000,10.07980000,510932.66000000
2021-03-09,10.08920000,10.78110000,9.93710000,10.71340000,1032874.82000000
2021-03-10,10.72460000,10.86000000,10.00530000,10.24790000,921455.06000000
2021-03-11,10.24610000,10.30200000,9.76250000,10.05840000,767632.12000000
2021-03-12,10.06830000,10.17000000,9.50180000,9.87300000,680479.57000000
2021-03-13,9.86320000,10.25210000,9.45100000,10.15300000,765470.32000000
2021-03-14,10.15550000,10.21530000,9.69700000,9.73880000,655998.13000000
2021-03-15,9.72950000,10.10000000,9.25140000,9.58420000,983445.74000000
2021-03-16,9.59120000,10.09900000,9.21070000,9.84110000,1218507.67000000
2021-03-17,9.83340000,10.20000000,9.65040000,10.12430000,898018.93000000
2021-03-18,10.12430000,10.80000000,10.04270000,10.24540000,1014492.34000000
2021-03-19,10.24730000,10.57540000,10.02080000,10.20760000,704379.81000000
2021-03-20,10.20760000,10.67350000,10.09000000,10.16740000,886069.18000000
2021-03-21,10.16730000,10.23890000,9.58520000,9.95000000,730854.41000000
2021-03-22,9.94760000,10.95000000,9.74250000,9.78540000,1776532.38000000
2021-03-23,9.79510000,12.77000000,9.68880000,11.19340000,4627354.13000000
2021-03-24,11.18970000,13.60000000,10.67000000,10.83600000,6360044.52000000
2021-03-25,10.83590000,11.63180000,10.18890000,10.43760000,2676135.89000000
2021-03-26,10.44500000,13.23750000,10.42510000,12.27970000,3856815.22000000
2021-03-27,12.29160000,12.49930000,11.50000000,11.88020000,1430652.82000000
2021-03-28,11.88060000,12.25000000,11.46000000,11.80430000,899128.94000000
2021-03-29,11.80500000,12.61590000,11.63780000,12.44000000,1642486.13000000
2021-03-30,12.44000000,12.96000000,12.19560000,12.31590000,1647369.55000000
2021-03-31,12.31690000,12.31690000,11.27600000,11.96400000,1143677.34000000
2021-04-01,11.96770000,12.24150000,11.52670000,11.80150000,978701.35000000
2021-04-02,11.80160000,13.67000000,11.59360000,13.05570000,2385562.70000000
2021-04-03,13.07120000,13.16750000,11.54460000,11.59890000,1108032.80000000
2021-04-04,11.59770000,12.33410000,11.40000000,12.18240000,629754.67000000
2021-04-05,12.19600000,12.95000000,11.67110000,12.78730000,1504099.40000000
2021-04-06,12.77460000,13.58000000,12.05000000,13.38870000,2180082.60000000
2021-04-07,13.39070000,14.33850000,11.94000000,12.09350000,3332632.86000000
2021-04-08,12.08710000,13.96400000,12.00700000,13.71690000,1760954.43000000
2021-04-09,13.71290000,20.35000000,13.60270000,16.77680000,17305264.58000000
2021-04-10,16.77670000,18.17550000,15.96370000,16.32860000,5104260.12000000
2021-04-11,16.33430000,16.40000000,15.22140000,15.60800000,2477754.79000000
2021-04-12,15.61130000,16.03480000,14.69650000,15.17120000,1551057.30000000
2021-04-13,15.17130000,16.15000000,15.10520000,15.80690000,1666753.72000000
2021-04-14,15.80540000,15.93000000,14.53020000,15.21180000,1369971.77000000
2021-04-15,15.21190000,17.18550000,14.91520000,15.94220000,2910934.95000000
2021-04-16,15.96250000,17.06260000,15.30410000,16.47250000,2579925.16000000
2021-04-17,16.45380000,16.67570000,15.46200000,15.59160000,1225320.34000000
2021-04-18,15.59160000,15.69920000,11.67130000,13.59510000,2364723.97000000
2021-04-19,13.59970000,14.04220000,12.15370000,12.37210000,1234845.53000000
2021-04-20,12.37380000,14.22000000,11.22960000,13.52400000,2788919.45000000
2021-04-21,13.51950000,16.09000000,13.20130000,14.44560000,5513499.86000000
2021-04-22,14.46220000,14.82110000,12.58430000,12.69580000,2209639.94000000
2021-04-23,12.69280000,15.82940000,11.05000000,14.60130000,6073081.18000000
2021-04-24,14.60170000,14.63110000,13.05000000,13.15940000,1817934.62000000
2021-04-25,13.18020000,14.11700000,12.32600000,12.93600000,947137.42400000
2021-04-26,12.92800000,20.01100000,12.80100000,18.52300000,9304773.30400000
2021-04-27,18.52400000,21.63900000,17.90700000,20.63900000,7123523.40900000
2021-04-28,20.65000000,21.58300000,18.24500000,18.99900000,2622205.59200000
2021-04-29,19.02000000,23.73100000,17.97500000,23.01500000,5718591.31700000
2021-04-30,23.00100000,24.61500000,21.45200000,23.26100000,3612371.04800000
2021-05-01,23.26100000,23.56000000,21.95000000,22.49500000,1137276.89600000
2021-05-02,22.51200000,24.84000000,21.11700000,23.80500000,2288908.94500000
2021-05-03,23.77800000,37.57600000,23.68800000,32.63200000,11842040.04000000
2021-05-04,32.66100000,41.86200000,30.07500000,35.17500000,12406118.56000000
2021-05-05,35.17600000,39.14200000,33.85500000,35.93200000,4951209.64900000
2021-05-06,35.93200000,40.90000000,32.82900000,34.21500000,4844742.77300000
2021-05-07,34.20100000,35.49000000,31.55800000,32.44700000,2157759.11700000
2021-05-08,32.43900000,35.81500000,31.46400000,32.39100000,1536239.54500000
2021-05-09,32.39000000,32.72000000,29.62500000,31.61900000,2067712.31500000
2021-05-10,31.61800000,38.19000000,27.15000000,30.85100000,4169731.33600000
2021-05-11,30.80900000,36.68900000,29.17100000,33.17200000,3232941.62900000
2021-05-12,33.17200000,38.80000000,30.80000000,31.66400000,4243514.90900000
2021-05-13,31.66900000,37.50000000,29.32800000,31.87400000,1834457.93800000
2021-05-14,31.87300000,34.41600000,30.63100000,33.41400000,1071559.79300000
2021-05-15,33.39300000,35.51600000,30.83900000,31.18900000,1585211.88800000
2021-05-16,31.17800000,33.58000000,28.58900000,30.45600000,915306.81800000
2021-05-17,30.44600000,30.45000000,26.16700000,27.00100000,1117808.88900000
2021-05-18,27.05400000,29.22900000,26.67000000,27.64000000,795564.34300000
2021-05-19,27.63500000,28.02000000,13.82000000,18.14800000,2761488.35000000
2021-05-20,18.19400000,28.39800000,18.17500000,24.32700000,5320550.84300000
2021-05-21,24.33200000,26.80000000,17.81900000,20.72600000,2257127.68200000
2021-05-22,20.69900000,20.76800000,17.20100000,17.99100000,1884150.30800000
2021-05-23,18.00000000,19.23900000,11.68800000,14.73700000,3467259.97100000
2021-05-24,14.74200000,17.70000000,14.01000000,17.46100000,3721397.59500000
2021-05-25,17.46300000,17.95900000,13.84200000,16.14000000,7037370.77700000
2021-05-26,16.15300000,17.45000000,15.02600000,17.45000000,4612278.07700000
2021-05-27,17.44400000,17.47700000,15.45800000,16.51200000,2083121.10500000
2021-05-28,16.53900000,16.54100000,13.40500000,14.03100000,2522436.94200000
2021-05-29,14.04400000,14.39900000,12.30000000,13.10500000,1807545.79400000
2021-05-30,13.12600000,13.55100000,12.00000000,13.32500000,2230440.18700000
2021-05-31,13.30400000,13.98200000,12.12400000,13.84200000,2323046.74400000
2021-06-01,13.84400000,13.92800000,12.65500000,13.22100000,1802803.12100000
2021-06-02,13.21500000,15.49000000,12.82200000,14.74700000,3839143.03100000
2021-06-03,14.74700000,15.71000000,14.18400000,15.32500000,2546631.08300000
2021-06-04,15.32700000,15.34300000,13.08100000,13.87500000,2034935.98800000
2021-06-05,13.88300000,15.68000000,13.61000000,14.13000000,2911833.08500000
2021-06-06,14.11900000,16.77100000,13.92900000,16.29700000,6015085.66500000
2021-06-07,16.29300000,16.81000000,13.97300000,14.20800000,2738101.68300000
2021-06-08,14.19500000,14.58000000,12.82000000,14.41800000,3121733.32200000
2021-06-09,14.41900000,14.62300000,13.43100000,14.59200000,1823879.74200000
2021-06-10,14.59100000,14.66500000,13.76200000,14.02800000,1170636.64000000
2021-06-11,14.03700000,15.45500000,13.63300000,14.07500000,2145427.05600000
2021-06-12,14.07500000,15.49500000,13.25000000,14.62900000,3240947.09800000
2021-06-13,14.63600000,15.38900000,14.08500000,15.17700000,1421506.94400000
2021-06-14,15.17900000,16.28800000,14.84200000,15.66600000,2121982.39100000
2021-06-15,15.66600000,16.88000000,15.38300000,16.57900000,1744720.84200000
2021-06-16,16.58000000,17.58300000,16.06500000,16.93600000,2665654.18400000
2021-06-17,16.92500000,18.97800000,16.76200000,18.35000000,2835255.24700000
2021-06-18,18.35000000,18.37100000,15.72800000,16.44800000,2042118.16500000
2021-06-19,16.43200000,16.67900000,15.47100000,15.83900000,984888.51100000
2021-06-20,15.83400000,18.42000000,15.63800000,17.90400000,3442823.07100000
2021-06-21,17.85000000,17.95000000,13.73900000,13.97200000,2337434.99600000
2021-06-22,13.96600000,14.59600000,11.41800000,12.54400000,3743927.15100000
2021-06-23,12.54300000,13.72900000,11.85800000,13.10900000,2809287.32600000
2021-06-24,13.10900000,13.59600000,12.42300000,13.53500000,2137382.93000000
2021-06-25,13.54300000,14.45000000,12.43900000,12.97300000,4315275.20900000
2021-06-26,12.96800000,13.89500000,12.80600000,13.57900000,2033681.63100000
2021-06-27,13.58000000,13.91600000,13.13300000,13.86700000,841014.87600000
2021-06-28,13.86700000,14.29800000,13.53900000,14.14200000,1067350.63700000
2021-06-29,14.14600000,15.88300000,14.05800000,15.41300000,1257949.15500000
2021-06-30,15.39200000,17.77000000,15.04100000,16.32900000,4428427.79800000
2021-07-01,16.32200000,16.35400000,14.94000000,15.82100000,1946676.73700000
2021-07-02,15.81200000,16.27900000,15.16500000,16.08600000,942152.74500000
2021-07-03,16.08400000,16.50000000,15.79300000,16.18800000,417003.02700000
2021-07-04,16.18500000,17.88000000,15.61800000,16.89100000,1717052.64300000
2021-07-05,16.89500000,17.20300000,15.72000000,15.97400000,1084651.86200000
2021-07-06,15.97300000,16.80000000,15.92900000,16.19100000,709663.24900000
2021-07-07,16.18200000,17.37300000,16.09300000,16.54200000,1090025.34000000
2021-07-08,16.55100000,16.61200000,14.62100000,14.80600000,796874.49200000
2021-07-09,14.80500000,15.16400000,14.16200000,15.00000000,668956.13300000
2021-07-10,14.99400000,15.26500000,13.95000000,14.18900000,1572734.25600000
2021-07-11,14.19000000,14.48000000,13.83000000,14.31000000,1328796.42900000
2021-07-12,14.31000000,14.46000000,13.65400000,13.93200000,559227.50200000
2021-07-13,13.92900000,14.03300000,13.34800000,13.53300000,365073.77900000
2021-07-14,13.52800000,13.95100000,12.82800000,13.59400000,621768.12700000
2021-07-15,13.58900000,14.29500000,12.79200000,13.08600000,998571.13200000
2021-07-16,13.08600000,14.25000000,12.72100000,13.44700000,2000206.37100000
2021-07-17,13.44000000,13.44000000,12.66200000,13.16800000,613243.51300000
2021-07-18,13.17000000,13.69000000,12.79600000,13.16600000,502435.28500000
2021-07-19,13.15700000,13.66300000,12.76200000,12.83200000,1076282.78300000
2021-07-20,12.84000000,13.00800000,11.65100000,11.87100000,1000465.15800000
2021-07-21,11.88100000,12.93000000,11.66000000,12.75200000,675941.19800000
2021-07-22,12.75300000,14.98800000,12.60000000,14.10400000,2895945.98400000
2021-07-23,14.10600000,14.57600000,13.75900000,14.34800000,747483.78600000
2021-07-24,14.34800000,16.22500000,14.18100000,14.97300000,1893333.73000000
2021-07-25,14.98400000,16.00600000,14.53300000,15.40600000,1320386.46400000
2021-07-26,15.40300000,16.41300000,14.86800000,14.97000000,1494552.58800000
2021-07-27,14.96900000,15.15400000,14.30600000,15.06100000,785706.95400000
2021-07-28,15.05900000,17.06800000,14.69800000,15.63000000,2555267.74200000
2021-07-29,15.63200000,15.97500000,15.21500000,15.73800000,613337.92000000
2021-07-30,15.74100000,17.24000000,15.46500000,16.26100000,1646248.41600000
2021-07-31,16.24700000,16.70900000,15.90600000,16.58700000,577198.36700000
2021-08-01,16.58700000,16.96000000,15.53400000,15.77500000,735456.11600000
2021-08-02,15.77500000,16.17500000,15.51500000,16.11500000,494228.21900000
2021-08-03,16.11400000,16.59700000,15.48000000,16.06900000,696831.55700000
2021-08-04,16.08900000,16.34300000,15.51000000,16.27700000,402016.31600000
2021-08-05,16.26600000,16.66800000,15.58000000,16.36500000,671413.84200000
2021-08-06,16.36400000,16.81400000,16.00100000,16.65400000,721728.95800000
2021-08-07,16.65100000,17.41100000,16.42400000,17.34800000,789938.79900000
2021-08-08,17.35800000,17.58700000,16.10300000,16.24800000,559047.57800000
2021-08-09,16.25100000,17.94900000,15.87300000,17.26600000,797713.55800000
2021-08-10,17.26600000,17.83700000,16.91900000,17.58500000,573698.52400000
2021-08-11,17.58200000,19.69300000,17.33200000,18.57900000,1346044.48400000
2021-08-12,18.58700000,19.96300000,17.68200000,19.84400000,1489249.53100000
2021-08-13,19.84200000,21.31900000,19.26300000,20.69100000,1219723.69900000
2021-08-14,20.69200000,27.45000000,20.21300000,26.46900000,6835941.53600000
2021-08-15,26.44200000,27.30000000,24.02000000,24.90500000,1399370.77900000
2021-08-16,24.90500000,25.00900000,23.00000000,23.45200000,822908.54200000
2021-08-17,23.43500000,25.25400000,21.83100000,22.20400000,1428415.98600000
2021-08-18,22.22000000,24.80000000,21.15200000,23.34300000,1453122.69200000
2021-08-19,23.33400000,23.94900000,22.35900000,23.86900000,639845.52000000
2021-08-20,23.87600000,25.45000000,23.45800000,24.49800000,738115.80800000
2021-08-21,24.48300000,26.95500000,23.91300000,24.90900000,968568.82100000
2021-08-22,24.92000000,27.55600000,24.78400000,26.02200000,1421518.76600000
2021-08-23,26.02200000,26.48600000,25.31900000,26.00700000,671295.40300000
2021-08-24,25.99800000,26.01900000,23.25200000,23.65100000,574686.91800000
2021-08-25,23.65400000,24.46600000,22.75400000,24.26800000,447887.36000000
2021-08-26,24.28800000,25.38700000,22.77000000,22.99000000,896651.54400000
2021-08-27,23.01000000,24.92000000,22.31000000,24.65000000,417647.75200000
2021-08-28,24.65000000,26.82000000,24.43000000,25.31000000,811460.96500000
2021-08-29,25.34000000,25.47000000,24.27000000,24.80000000,399174.69000000
2021-08-30,24.79000000,29.09000000,24.72000000,26.54000000,2961312.72200000
2021-08-31,26.57000000,29.32000000,25.38000000,28.13000000,1512990.41400000
2021-09-01,28.16000000,30.94000000,27.19000000,29.07000000,1125491.96300000
2021-09-02,29.06000000,30.85000000,28.13000000,29.72000000,1027579.92000000
2021-09-03,29.67000000,31.76000000,29.67000000,30.76000000,790905.58800000
2021-09-04,30.76000000,31.18000000,29.86000000,30.53000000,587053.94000000
2021-09-05,30.53000000,30.63000000,29.00000000,29.49000000,1153970.57000000
2021-09-06,29.47000000,30.08000000,28.01000000,29.23000000,653449.84000000
2021-09-07,29.22000000,30.23000000,21.11000000,27.27000000,2671936.78300000
2021-09-08,27.24000000,29.00000000,24.09000000,27.50000000,2014958.52000000
2021-09-09,27.51000000,34.81000000,27.00000000,31.26000000,4197358.08600000
2021-09-10,31.22000000,32.57000000,27.93000000,29.14000000,1305471.21000000
2021-09-11,29.14000000,33.71000000,29.00000000,30.54000000,1371766.54000000
2021-09-12,30.54000000,32.92000000,29.45000000,32.06000000,890341.47000000
2021-09-13,32.05000000,34.90000000,27.91000000,29.98000000,1599493.05000000
2021-09-14,29.97000000,30.12000000,28.73000000,29.84000000,634140.40000000
2021-09-15,29.84000000,30.79000000,28.72000000,30.46000000,597246.98000000
2021-09-16,30.46000000,33.74000000,29.49000000,30.94000000,1396317.37000000
2021-09-17,30.91000000,31.12000000,28.41000000,28.82000000,466653.53000000
2021-09-18,28.85000000,29.80000000,28.32000000,29.01000000,312918.41000000
2021-09-19,29.01000000,29.10000000,26.95000000,27.40000000,552690.90000000
2021-09-20,27.41000000,27.46000000,22.50000000,23.02000000,964254.27000000
2021-09-21,23.03000000,25.04000000,20.84000000,22.37000000,1146374.33000000
2021-09-22,22.41000000,25.18000000,21.53000000,24.70000000,896733.54000000
2021-09-23,24.70000000,25.46000000,23.80000000,25.15000000,784912.34000000
2021-09-24,25.13000000,27.40000000,23.95000000,25.56000000,2538352.93000000
2021-09-25,25.55000000,25.62000000,23.68000000,24.23000000,524268.60000000
2021-09-26,24.23000000,24.29000000,22.03000000,23.65000000,443856.46000000
2021-09-27,23.63000000,24.68000000,22.71000000,22.74000000,694453.67000000
2021-09-28,22.73000000,25.90000000,22.48000000,22.95000000,1378400.69000000
2021-09-29,22.95000000,24.29000000,22.57000000,23.19000000,594707.40000000
2021-09-30,23.17000000,24.26000000,23.07000000,24.24000000,298151.88000000
2021-10-01,24.26000000,26.31000000,23.83000000,26.12000000,424890.69000000
2021-10-02,26.14000000,27.18000000,25.81000000,26.30000000,407463.18000000
2021-10-03,26.29000000,28.46000000,25.78000000,27.08000000,632839.19000000
2021-10-04,27.08000000,27.13000000,25.37000000,25.98000000,435239.41000000
2021-10-05,26.02000000,28.59000000,25.66000000,27.59000000,729078.61000000
2021-10-06,27.58000000,29.12000000,25.90000000,27.17000000,608603.79000000
2021-10-07,27.18000000,28.15000000,26.88000000,27.49000000,342451.56000000
2021-10-08,27.50000000,28.87000000,26.96000000,27.26000000,526646.34000000
2021-10-09,27.25000000,28.96000000,27.04000000,28.95000000,471375.18000000
2021-10-10,28.97000000,28.97000000,26.15000000,26.34000000,389354.37000000
2021-10-11,26.31000000,27.61000000,25.87000000,26.96000000,372280.74000000
2021-10-12,26.96000000,31.50000000,25.85000000,29.60000000,3445374.82000000
2021-10-13,29.60000000,32.72000000,28.40000000,31.95000000,1362290.81000000
2021-10-14,31.95000000,34.68000000,31.89000000,32.30000000,1019499.19000000
2021-10-15,32.31000000,33.24000000,27.37000000,30.20000000,753045.78000000
2021-10-16,30.17000000,30.90000000,29.08000000,29.23000000,611684.12000000
2021-10-17,29.26000000,30.40000000,27.82000000,28.85000000,550522.99000000
2021-10-18,28.87000000,29.14000000,27.70000000,28.20000000,315496.16000000
2021-10-19,28.19000000,29.53000000,27.90000000,28.55000000,355779.97000000
2021-10-20,28.54000000,29.39000000,28.18000000,29.29000000,297502.52000000
2021-10-21,29.29000000,29.82000000,27.79000000,27.91000000,362202.43000000
2021-10-22,27.90000000,30.73000000,27.29000000,27.95000000,445926.91000000
2021-10-23,27.97000000,28.43000000,27.70000000,28.33000000,218564.68000000
2021-10-24,28.34000000,29.23000000,27.11000000,28.06000000,371643.29000000
2021-10-25,28.07000000,28.73000000,27.81000000,28.56000000,285170.45000000
2021-10-26,28.57000000,29.39000000,28.00000000,28.66000000,491182.10000000
2021-10-27,28.67000000,32.54000000,24.25000000,28.44000000,2369920.27000000
2021-10-28,28.48000000,29.19000000,27.40000000,27.66000000,831269.40000000
2021-10-29,27.66000000,27.71000000,26.94000000,27.51000000,974531.65000000
2021-10-30,27.51000000,27.53000000,26.30000000,26.73000000,639550.82000000
2021-10-31,26.75000000,26.79000000,25.79000000,26.44000000,503445.53000000
2021-11-01,26.44000000,27.50000000,25.89000000,26.45000000,558956.38000000
2021-11-02,26.47000000,26.66000000,26.04000000,26.56000000,550218.18000000
2021-11-03,26.57000000,26.62000000,25.34000000,26.25000000,463720.81000000
2021-11-04,26.24000000,26.52000000,25.16000000,25.95000000,508613.44000000
2021-11-05,25.96000000,26.00000000,25.11000000,25.37000000,390139.43000000
2021-11-06,25.37000000,25.69000000,24.49000000,25.21000000,357192.42000000
2021-11-07,25.22000000,25.55000000,24.82000000,25.40000000,409221.41000000
2021-11-08,25.40000000,25.74000000,24.93000000,25.51000000,430233.40000000
2021-11-09,25.52000000,26.42000000,25.23000000,25.85000000,687307.51000000
2021-11-10,25.85000000,26.06000000,22.24000000,23.89000000,715429.53000000
2021-11-11,23.88000000,24.49000000,23.57000000,24.26000000,365317.17000000
2021-11-12,24.25000000,24.30000000,22.93000000,23.36000000,406752.51000000
2021-11-13,23.36000000,23.96000000,23.21000000,23.74000000,356469.13000000
2021-11-14,23.74000000,23.82000000,22.91000000,23.37000000,377925.30000000
2021-11-15,23.39000000,23.96000000,23.10000000,23.20000000,499496.21000000
2021-11-16,23.21000000,23.95000000,19.53000000,21.55000000,995225.08600000
2021-11-17,21.54000000,21.73000000,20.59000000,21.52000000,495261.09000000
2021-11-18,21.52000000,24.60000000,20.68000000,21.70000000,2085336.44000000
2021-11-19,21.70000000,22.30000000,20.54000000,22.17000000,448845.24000000
2021-11-20,22.16000000,22.25000000,21.09000000,22.10000000,313013.99000000
2021-11-21,22.09000000,22.12000000,21.23000000,21.46000000,316374.53000000
2021-11-22,21.48000000,21.60000000,20.40000000,20.91000000,488592.06000000
2021-11-23,20.91000000,21.34000000,20.50000000,20.92000000,409691.01000000
2021-11-24,20.91000000,21.15000000,19.61000000,20.23000000,571908.01000000
2021-11-25,20.22000000,20.96000000,19.92000000,20.50000000,334874.03000000
2021-11-26,20.50000000,20.73000000,18.06000000,19.71000000,961768.82200000
2021-11-27,19.69000000,20.36000000,19.06000000,19.32000000,237488.67000000
2021-11-28,19.31000000,20.80000000,18.29000000,20.44000000,461356.78000000
2021-11-29,20.43000000,21.57000000,20.08000000,21.35000000,343870.76000000
2021-11-30,21.35000000,22.12000000,20.75000000,21.37000000,437891.33000000
2021-12-01,21.37000000,22.75000000,21.21000000,22.67000000,338716.64000000
2021-12-02,22.65000000,23.38000000,21.13000000,21.24000000,649192.14000000
2021-12-03,21.24000000,21.57000000,19.93000000,21.27000000,679240.94000000
2021-12-04,21.25000000,21.30000000,15.00000000,18.33000000,1223115.73800000
2021-12-05,18.34000000,19.99000000,17.44000000,19.22000000,1054548.89000000
2021-12-06,19.21000000,21.62000000,18.05000000,19.51000000,2377308.88000000
2021-12-07,19.51000000,20.04000000,18.88000000,19.19000000,627216.37000000
2021-12-08,19.19000000,19.31000000,18.18000000,19.17000000,398825.01000000
2021-12-09,19.17000000,19.25000000,16.97000000,17.07000000,442103.92000000
2021-12-10,17.05000000,17.53000000,15.54000000,15.62000000,1021790.89000000
2021-12-11,15.62000000,16.28000000,15.31000000,16.03000000,673339.00000000
2021-12-12,16.05000000,16.90000000,15.51000000,16.55000000,662795.28000000
2021-12-13,16.56000000,16.99000000,14.31000000,14.38000000,834259.26000000
2021-12-14,14.38000000,15.53000000,13.94000000,14.99000000,1525895.95600000
2021-12-15,15.01000000,17.88000000,14.91000000,17.10000000,2084029.70000000
2021-12-16,17.12000000,19.12000000,16.74000000,18.65000000,1628517.92000000
2021-12-17,18.68000000,20.12000000,17.36000000,17.52000000,3031230.13000000
2021-12-18,17.52000000,17.95000000,17.04000000,17.30000000,870162.86000000
2021-12-19,17.28000000,17.34000000,16.04000000,16.11000000,698484.40000000
2021-12-20,16.12000000,16.20000000,14.89000000,15.44000000,745816.82000000
2021-12-21,15.45000000,16.42000000,15.22000000,15.98000000,660406.55000000
2021-12-22,16.00000000,16.43000000,15.83000000,16.03000000,610608.45000000
2021-12-23,16.04000000,16.73000000,15.62000000,16.51000000,922438.68000000
2021-12-24,16.51000000,16.73000000,15.77000000,15.94000000,606542.94000000
2021-12-25,15.94000000,16.34000000,15.85000000,16.15000000,406264.91000000
2021-12-26,16.17000000,16.36000000,15.63000000,16.16000000,435204.47000000
2021-12-27,16.18000000,17.02000000,15.90000000,16.48000000,922350.41000000
2021-12-28,16.49000000,16.49000000,14.62000000,14.83000000,1000420.32000000
2021-12-29,14.83000000,15.07000000,14.10000000,14.37000000,645060.15000000
2021-12-30,14.37000000,14.95000000,13.55000000,14.69000000,483996.81000000
2021-12-31,14.68000000,15.04000000,14.18000000,14.53000000,367474.15000000
2022-01-01,14.51000000,15.31000000,14.51000000,15.10000000,356702.28000000
2022-01-02,15.10000000,15.60000000,14.75000000,15.38000000,479545.31000000
2022-01-03,15.37000000,15.82000000,15.12000000,15.58000000,476190.61000000
2022-01-04,15.56000000,16.32000000,15.13000000,15.80000000,741272.09000000
2022-01-05,15.81000000,16.28000000,13.52000000,14.39000000,720969.75000000
2022-01-06,14.39000000,14.46000000,13.45000000,14.17000000,556965.36000000
2022-01-07,14.18000000,14.34000000,13.16000000,13.76000000,632987.72000000
2022-01-08,13.77000000,14.11000000,12.97000000,13.76000000,446825.51200000
2022-01-09,13.75000000,14.29000000,13.54000000,14.13000000,374300.55000000
2022-01-10,14.12000000,14.41000000,12.86000000,13.36000000,563020.93000000
2022-01-11,13.37000000,14.14000000,13.31000000,14.11000000,393629.56000000
2022-01-12,14.10000000,15.03000000,14.01000000,14.76000000,539092.95000000
2022-01-13,14.77000000,14.80000000,13.94000000,14.00000000,522978.74000000
2022-01-14,14.00000000,14.40000000,13.74000000,14.17000000,567575.41000000
2022-01-15,14.16000000,14.83000000,14.06000000,14.53000000,450328.63000000
2022-01-16,14.52000000,14.92000000,14.11000000,14.29000000,443652.34000000
2022-01-17,14.28000000,14.31000000,13.38000000,13.73000000,540679.39000000
2022-01-18,13.75000000,13.96000000,13.06000000,13.58000000,509755.19000000
2022-01-19,13.57000000,13.82000000,12.86000000,13.18000000,485004.49000000
2022-01-20,13.19000000,13.64000000,12.54000000,12.59000000,466380.08000000
2022-01-21,12.59000000,12.75000000,10.36000000,10.68000000,1300287.74600000
2022-01-22,10.67000000,11.34000000,7.96000000,8.96000000,3377557.09000000
2022-01-23,8.96000000,9.42000000,8.66000000,9.22000000,1003281.49000000
2022-01-24,9.21000000,9.21000000,7.56000000,8.53000000,1732675.05000000
2022-01-25,8.53000000,8.53000000,8.07000000,8.39000000,799703.81000000
2022-01-26,8.40000000,12.09000000,8.32000000,10.26000000,5669664.15000000
2022-01-27,10.27000000,10.49000000,9.28000000,9.88000000,1786519.60000000
2022-01-28,9.87000000,10.20000000,9.31000000,10.11000000,1515088.98000000
2022-01-29,10.11000000,10.39000000,9.44000000,9.90000000,2225077.47000000
2022-01-30,9.90000000,9.90000000,9.10000000,9.25000000,1065794.91000000
2022-01-31,9.25000000,9.28000000,8.51000000,9.14000000,2009959.34000000
2022-02-01,9.14000000,9.22000000,8.86000000,9.02000000,1078797.78000000
2022-02-02,9.02000000,9.08000000,8.46000000,8.70000000,2374061.67000000
2022-02-03,8.70000000,8.76000000,8.22000000,8.74000000,2943427.87000000
2022-02-04,8.74000000,9.36000000,8.60000000,9.34000000,1657161.30000000
2022-02-05,9.34000000,10.30000000,9.23000000,10.01000000,2540598.54000000
2022-02-06,10.01000000,10.63000000,9.95000000,10.56000000,1685094.79000000
2022-02-07,10.56000000,11.50000000,10.34000000,11.09000000,2394406.56000000
2022-02-08,11.09000000,11.14000000,10.06000000,10.53000000,1647802.55000000
2022-02-09,10.54000000,12.21000000,10.14000000,12.00000000,3340294.67000000
2022-02-10,12.01000000,12.20000000,10.89000000,10.97000000,2368383.52000000
2022-02-11,10.96000000,11.00000000,9.65000000,9.82000000,1405642.57000000
2022-02-12,9.83000000,9.91000000,9.29000000,9.54000000,999080.98000000
2022-02-13,9.53000000,9.66000000,9.08000000,9.39000000,1099390.97000000
2022-02-14,9.38000000,9.56000000,9.02000000,9.35000000,746343.95000000
